Date,Run,Generation,Type,ID,Parental_OA,Larvae_OA,Temperature_bucket_C,Salinity,TA_mmol_kgSW,TCO2_mmol_kgSW,pH,TADIC_pH_out_in_situ,TADIC_pCO2_out_(matm)_in_situ,TADIC_WAr_out_in_situ,TADIC_pH_out_25,TADIC_pCO2_out_(matm)_25,TADIC_WAr_out_25,TApH_pH_out_in_situ,TApH_pCO2_out_(matm)_in_situ,TApH_WAr_out_in_situ,TApH_pH_out_25,TApH_pCO2_out_(matm)_25,TApH_WAr_out_25,DICpH_pH_out_in_situ,DICpH_pCO2_out_(matm)_in_situ,DICpH_WAr_out_in_situ,DICpH_pH_out_25,DICpH_pCO2_out_(matm)_25,DICpH_WAr_out_25
7/26/2021,2,F1,Larvae,1,Mid,Low,22.6,26.8,1920.59,1758.831,7.96,7.959,455.7,1.94,7.924,501.4,1.98,7.929,493.8,1.83,7.893,543,1.87,7.929,490.6,1.82,7.893460865,539.5359092,1.855061051
7/26/2021,2,F1,Larvae,2,Mid,Low,22.7,26.7,1911.6,1754.616,7.97,7.948,467.9,1.89,7.914,512.7,1.93,7.934,484.5,1.84,7.901,530.8,1.88,7.934,483.2,1.84,7.900699948,529.3257739,1.875810854
7/26/2021,2,F1,Larvae,3,Mid,Low,22.7,26.8,1922.59,1765.601,7.96,7.945,473.9,1.9,7.911,519.3,1.93,7.925,499.6,1.82,7.891,547.2,1.86,7.925,497.5,1.82,7.890968463,544.9006862,1.85212546
7/26/2021,2,F1,Larvae,4,Mid,Low,22.7,26.9,1918.79,1755.015,7.98,7.961,451.6,1.96,7.928,495,2,7.945,472.1,1.9,7.911,517.3,1.93,7.945,470.4,1.89,7.910998011,515.4287789,1.927192162
7/26/2021,2,F1,Larvae,5,Mid,Low,22.7,26.9,1916.37,1753.718,7.95,7.959,454.2,1.95,7.925,497.7,1.99,7.914,511.3,1.78,7.881,559.9,1.82,7.914,506.4,1.77,7.880528419,554.6319832,1.80227925
7/26/2021,2,F1,Larvae,6,Mid,Mid,22.8,26.9,1926.02,1829.069,7.77,7.765,755.8,1.33,7.734,822.1,1.36,7.733,820.1,1.25,7.702,891.4,1.27,7.733,815.8,1.24,7.702155601,886.6591257,1.267150576
7/26/2021,2,F1,Larvae,7,Mid,Mid,22.7,26.8,1919.59,1810.503,7.82,7.807,677.1,1.44,7.774,740,1.47,7.784,718.8,1.37,7.751,785.2,1.4,7.784,715.9,1.37,7.751118528,782.0085297,1.3959333
7/26/2021,2,F1,Larvae,8,Mid,Mid,22.7,26.9,1921.33,1827.536,7.78,7.756,770.1,1.3,7.724,840.6,1.33,7.744,794.3,1.27,7.712,866.8,1.3,7.744,792.7,1.27,7.712212964,865.0682781,1.294901251
7/26/2021,2,F1,Larvae,9,Mid,Mid,22.7,26.9,1917.08,1807.647,7.83,7.807,675.5,1.44,7.774,738.3,1.47,7.794,697.4,1.4,7.762,762,1.43,7.794,695.9,1.4,7.761899967,760.3433608,1.430770666
7/26/2021,2,F1,Larvae,10,Mid,Mid,22.8,27,1923.09,1825.69,7.78,7.765,753.2,1.33,7.734,819.3,1.36,7.743,796.1,1.27,7.713,865.5,1.3,7.743,793.2,1.27,7.712755756,862.3847508,1.298109382
7/26/2021,2,F1,Larvae,11,Mid,High,22.7,27,1922.4,1899.757,7.52,7.498,1462.2,0.75,7.47,1583.3,0.78,7.488,1499.7,0.74,7.459,1623.4,0.76,7.488,1497.6,0.74,7.459422097,1621.060778,0.759875078
7/26/2021,2,F1,Larvae,12,Mid,High,22.7,26.9,1923.25,1909.645,7.47,7.465,1589.4,0.7,7.437,1718.9,0.72,7.438,1695.1,0.66,7.41,1831.4,0.68,7.438,1689.1,0.66,7.41038123,1824.867017,0.680383881
7/26/2021,2,F1,Larvae,13,Mid,High,22.7,26.9,1919.91,1886.602,7.55,7.54,1318.8,0.82,7.511,1430.2,0.85,7.518,1391.8,0.79,7.489,1508.2,0.81,7.518,1387.6,0.78,7.489358639,1503.655814,0.80654026
7/26/2021,2,F1,Larvae,14,Mid,High,22.8,27,1916.44,1915.568,7.45,7.413,1793.5,0.63,7.387,1929.6,0.65,7.419,1769.1,0.64,7.393,1903.7,0.66,7.419,1770.5,0.64,7.392574713,1905.15033,0.656413319
7/26/2021,2,F1,Larvae,15,Mid,High,22.9,27,1913.84,1915.531,7.44,7.402,1840.8,0.61,7.377,1973.1,0.63,7.407,1817.4,0.62,7.382,1948.3,0.64,7.407,1818.7,0.62,7.382429448,1949.724432,0.641107471
7/30/2021,2,F1,Larvae,1,Mid,Low,22.4,27.2,1937.712509,1732.21204,8.01,8.06,348.2,2.38,8.021,386.8,2.43,7.98,433,2.04,7.941,480.4,2.08,7.98,424.8,2,7.9412227,471.2819318,2.044014957
7/30/2021,2,F1,Larvae,2,Mid,Low,22.4,27.2,1939.403426,1738.10303,8.01,8.05,358.1,2.34,8.011,397.8,2.38,7.978,435.8,2.03,7.939,483.5,2.08,7.978,428.4,2,7.939148374,475.2925941,2.041811635
7/30/2021,2,F1,Larvae,3,Mid,Low,22.5,27.1,1935.206402,1735.691949,8.01,8.047,361.2,2.32,8.01,399.5,2.37,7.973,440.6,2.02,7.936,486.9,2.06,7.973,433,1.98,7.936199559,478.4926179,2.021648216
7/30/2021,2,F1,Larvae,4,Mid,Low,22.4,27.1,1932.818335,1737.916606,8,8.038,369.6,2.27,7.999,410.4,2.32,7.966,448.5,1.98,7.928,497.5,2.02,7.966,441,1.95,7.927655046,489.2195788,1.987216333
7/30/2021,2,F1,Larvae,5,Mid,Low,22.4,27.1,1936.898327,1743.894594,7.96,8.033,375.6,2.25,7.994,417.1,2.3,7.926,499.3,1.83,7.888,553.5,1.87,7.926,487.5,1.79,7.888193286,540.425168,1.830431012
7/30/2021,2,F1,Larvae,6,Mid,Mid,22.4,27.2,1939.08764,1817.270975,7.78,7.842,621.9,1.56,7.805,688.2,1.59,7.746,794.2,1.28,7.71,876.7,1.31,7.746,781,1.26,7.710226622,862.1838074,1.29065743
7/30/2021,2,F1,Larvae,7,Mid,Mid,22.5,27.1,1933.729372,1817.295831,7.78,7.827,646.3,1.51,7.791,712.2,1.54,7.745,796.1,1.27,7.71,875.4,1.31,7.745,784.9,1.26,7.710102214,863.1392567,1.287408954
7/30/2021,2,F1,Larvae,8,Mid,Mid,22.5,27.1,1929.907659,1815.170601,7.78,7.822,652.8,1.49,7.786,719.3,1.52,7.745,794.5,1.27,7.71,873.7,1.3,7.745,784,1.25,7.710103534,862.1271993,1.28590724
7/30/2021,2,F1,Larvae,9,Mid,Mid,22.6,27.1,1930.056976,1816.848414,7.78,7.816,663.4,1.48,7.782,728,1.51,7.744,797.3,1.27,7.71,873.4,1.3,7.744,787.5,1.26,7.710241656,862.6417254,1.287493367
7/30/2021,2,F1,Larvae,10,Mid,Mid,22.7,27.1,1935.166046,1809.341752,7.79,7.851,606.7,1.6,7.818,663.7,1.63,7.753,781.5,1.31,7.721,853.1,1.34,7.753,767.9,1.28,7.720582291,838.2725465,1.312142654
7/30/2021,2,F1,Larvae,11,Mid,High,22.5,27.2,1944.640625,1911.079397,7.46,7.54,1332.7,0.83,7.508,1455.6,0.86,7.43,1742.9,0.66,7.4,1895.2,0.68,7.43,1716.9,0.65,7.399789711,1866.91584,0.669055341
7/30/2021,2,F1,Larvae,12,Mid,High,22.7,27.2,1942.868997,1911.427388,7.46,7.529,1367.4,0.82,7.5,1482.4,0.84,7.427,1756.2,0.66,7.399,1896.7,0.68,7.427,1731.8,0.65,7.399071189,1870.324113,0.668062554
7/30/2021,2,F1,Larvae,13,Mid,High,22.7,27.2,1938.386454,1900.602383,7.49,7.553,1286.3,0.86,7.524,1395.7,0.89,7.457,1626.5,0.7,7.429,1758.7,0.72,7.457,1605.2,0.69,7.429252761,1735.589466,0.712377849
7/30/2021,2,F1,Larvae,14,Mid,High,22.9,27.2,1935.352692,1904.455141,7.47,7.525,1378.3,0.81,7.498,1483.6,0.84,7.435,1715.3,0.67,7.41,1840.8,0.69,7.435,1694.4,0.66,7.409807426,1818.314421,0.682404235
7/30/2021,2,F1,Larvae,15,Mid,High,22.8,27.2,1936.0337,1898.787859,7.48,7.55,1295.6,0.86,7.522,1400.7,0.88,7.447,1667.9,0.68,7.42,1796.6,0.71,7.447,1644.4,0.68,7.419952391,1771.286229,0.696548574
8/3/2021,2,F1,Larvae,1,Mid,Low,22.8,27.2,1957.122888,1743.422,8,8.07,342.9,2.48,8.037,374.8,2.52,7.962,458.4,2.02,7.93,500.4,2.06,7.962,446.8,1.97,7.929858145,487.7058865,2.007391894
8/3/2021,2,F1,Larvae,2,Mid,Low,22.8,27.2,1949.832156,1750.491,8,8.038,372.3,2.33,8.005,406.8,2.37,7.961,457.5,2.01,7.929,499.4,2.05,7.962,449.4,1.98,7.929114209,490.5746089,2.01229368
8/3/2021,2,F1,Larvae,3,Mid,Low,22.8,27.2,1953.2708,1751.647,8,8.043,368.2,2.35,8.01,402.4,2.39,7.961,459.1,2.01,7.928,501.1,2.05,7.961,450.4,1.97,7.928523018,491.6083811,2.011051507
8/3/2021,2,F1,Larvae,4,Mid,Low,22.9,27.2,1948.541404,1750.367,8,8.034,376.1,2.32,8.003,409.3,2.36,7.958,461.8,2,7.927,502,2.04,7.958,453.6,1.97,7.926902113,493.1987529,2.002553256
8/3/2021,2,F1,Larvae,5,Mid,Low,23,27.2,1950.790136,1754.703,7.95,8.027,383.5,2.3,7.997,415.7,2.34,7.906,529.9,1.82,7.877,573.4,1.85,7.906,515.7,1.77,7.877154463,558.0559677,1.801957577
8/3/2021,2,F1,Larvae,6,Mid,Mid,22.8,27.1,1948.944764,1828.89,7.78,7.831,643.9,1.55,7.8,701.4,1.58,7.739,814.3,1.28,7.709,885.3,1.31,7.739,801.4,1.26,7.708845305,871.2364705,1.291986226
8/3/2021,2,F1,Larvae,7,Mid,Mid,22.9,27.1,1946.343092,1831.139,7.77,7.816,669.7,1.51,7.786,726.4,1.53,7.727,839.4,1.25,7.698,908.8,1.28,7.727,826.7,1.24,7.697967455,895.0621702,1.262464977
8/3/2021,2,F1,Larvae,8,Mid,Mid,22.9,27.1,1946.544772,1830.406,7.77,7.818,665,1.51,7.788,721.3,1.54,7.728,837.1,1.26,7.699,906.3,1.28,7.728,824.2,1.24,7.699075851,892.3607631,1.265095746
8/3/2021,2,F1,Larvae,9,Mid,Mid,22.9,27.1,1942.501088,1828.878,7.78,7.811,675.9,1.49,7.781,733.1,1.52,7.739,813,1.28,7.71,880.4,1.31,7.739,802.9,1.27,7.709679601,869.5105156,1.294390352
8/3/2021,2,F1,Larvae,10,Mid,Mid,23,27.2,1946.433848,1834.804,7.78,7.802,693.2,1.47,7.774,748.8,1.5,7.738,816.7,1.29,7.71,881.1,1.32,7.738,807.7,1.28,7.709800911,871.3806718,1.301870015
8/3/2021,2,F1,Larvae,11,Mid,High,23,27.2,1949.822072,1915.005,7.49,7.538,1345,0.85,7.513,1443.3,0.87,7.453,1657.6,0.7,7.428,1773.8,0.72,7.453,1638.2,0.7,7.428162045,1753.120438,0.71596818
8/3/2021,2,F1,Larvae,12,Mid,High,23,27.2,1953.885924,1921.416,7.48,7.529,1377.4,0.83,7.504,1477.7,0.86,7.442,1705.1,0.69,7.418,1824,0.71,7.442,1684.8,0.68,7.417539275,1802.328116,0.700922961
8/3/2021,2,F1,Larvae,13,Mid,High,23,27.2,1956.174992,1924.932,7.45,7.525,1394.8,0.83,7.499,1496.1,0.85,7.413,1832.4,0.65,7.389,1958.4,0.67,7.413,1804.6,0.64,7.388706752,1928.650599,0.656787591
8/3/2021,2,F1,Larvae,14,Mid,High,23,27.2,1958.131288,1925.74,7.44,7.529,1381.7,0.83,7.503,1482.2,0.86,7.403,1877.7,0.63,7.379,2006.1,0.65,7.403,1845.6,0.62,7.379174747,1971.870484,0.642666642
8/3/2021,2,F1,Larvae,15,Mid,High,23,27.4,1950.931312,1926.833,7.45,7.496,1490.9,0.78,7.471,1597.8,0.8,7.412,1826.2,0.65,7.388,1951.7,0.67,7.412,1805.5,0.64,7.388287909,1929.651166,0.659854413
8/5/2021,2,F1,Larvae,1,Mid,Low,22.6,27.1,1949.705739,1731.829,8.02,8.085,328.2,2.52,8.049,361.7,2.56,7.985,429.8,2.09,7.95,473.2,2.13,7.985,419.6,2.04,7.949775488,461.814089,2.077061619
8/5/2021,2,F1,Larvae,2,Mid,Low,22.6,27.2,1949.664218,1736.7,8.01,8.072,339.1,2.46,8.036,373.8,2.51,7.974,443,2.04,7.938,487.5,2.08,7.974,432.6,2,7.938115655,476.1110146,2.035623322
8/5/2021,2,F1,Larvae,3,Mid,Low,22.7,27.1,1954.314536,1735.843,8.01,8.084,329.8,2.53,8.049,362.1,2.57,7.971,448,2.04,7.937,491.1,2.08,7.971,435.9,1.99,7.936790259,477.8431886,2.024403803
8/5/2021,2,F1,Larvae,4,Mid,Low,22.7,27.1,1948.63734,1735.408,8.02,8.073,338.6,2.47,8.038,371.7,2.52,7.979,436.7,2.07,7.945,478.7,2.11,7.979,426.9,2.02,7.945184085,468.0056874,2.060869667
8/5/2021,2,F1,Larvae,5,Mid,Low,22.7,27.1,1949.981193,1735.482,7.97,8.076,336.5,2.49,8.041,369.3,2.53,7.928,500.2,1.87,7.895,547.9,1.91,7.928,483.3,1.81,7.89469046,529.3960436,1.847535701
8/5/2021,2,F1,Larvae,6,Mid,Mid,22.6,27.1,1943.528269,1813.676,7.78,7.864,590.4,1.64,7.829,648.5,1.67,7.739,811.6,1.27,7.706,889,1.3,7.739,794,1.24,7.706073989,869.6785443,1.273321176
8/5/2021,2,F1,Larvae,7,Mid,Mid,22.7,27.1,1954.61227,1821.144,7.78,7.871,582.4,1.68,7.838,637.4,1.71,7.738,818.9,1.28,7.706,893.5,1.31,7.738,799.8,1.25,7.706347895,872.6933131,1.279347916
8/5/2021,2,F1,Larvae,8,Mid,Mid,22.6,27.2,1949.258125,1819.156,7.78,7.862,593.7,1.64,7.828,652.2,1.68,7.74,811.8,1.28,7.707,889.2,1.31,7.74,794.4,1.25,7.706750012,870.2160826,1.281991091
8/5/2021,2,F1,Larvae,9,Mid,Mid,22.6,27.2,1948.529994,1815.652,7.79,7.87,581.2,1.67,7.836,638.5,1.7,7.75,791.4,1.3,7.716,867.1,1.34,7.75,774.6,1.28,7.716518905,848.662141,1.307767432
8/5/2021,2,F1,Larvae,10,Mid,Mid,22.6,27.2,1948.448978,1816.086,7.78,7.869,583.4,1.66,7.834,640.9,1.7,7.74,812.3,1.28,7.706,889.8,1.31,7.74,793.9,1.25,7.706334565,869.6027672,1.278638929
8/5/2021,2,F1,Larvae,11,Mid,High,22.7,27.2,1973.5609,1919.28,7.45,7.613,1131.7,0.99,7.582,1230.4,1.02,7.414,1839.4,0.65,7.387,1985.6,0.67,7.414,1789.6,0.63,7.386680891,1931.898212,0.651784309
8/5/2021,2,F1,Larvae,12,Mid,High,22.8,27.2,1958.71573,1921.082,7.43,7.551,1308.1,0.87,7.523,1414.2,0.89,7.392,1926.4,0.61,7.366,2071,0.64,7.392,1885,0.6,7.366105309,2026.54529,0.621906092
8/5/2021,2,F1,Larvae,13,Mid,High,22.8,27.2,1959.764888,1922.97,7.43,7.548,1318.9,0.86,7.52,1425.8,0.89,7.391,1930.3,0.61,7.366,2075.1,0.64,7.391,1889.5,0.6,7.365517989,2031.25044,0.621666306
8/5/2021,2,F1,Larvae,14,Mid,High,22.9,27.2,1954.860382,1923.927,7.43,7.525,1392.8,0.82,7.498,1499.2,0.85,7.392,1923.5,0.62,7.367,2061,0.64,7.392,1889,0.61,7.367283663,2024.10973,0.62453856
8/5/2021,2,F1,Larvae,15,Mid,High,22.8,27.2,1954.327701,1919.777,7.43,7.54,1342.1,0.85,7.512,1450.5,0.87,7.393,1919.3,0.61,7.367,2063.4,0.63,7.393,1881.2,0.6,7.366693193,2022.460373,0.622335086
8/9/2021,2,F1,Larvae,1,Mid,Low,22.9,27,1915.942051,1715.353,8,8.048,356.7,2.33,8.017,388.2,2.37,7.963,448.4,1.98,7.932,487.6,2.02,7.963,439.5,1.94,7.93224981,477.8983076,1.976668409
8/9/2021,2,F1,Larvae,2,Mid,Low,22.8,27.1,1880.621437,1704.241,7.98,7.995,403.3,2.06,7.963,440.5,2.1,7.944,462.8,1.87,7.911,505.1,1.9,7.944,457.5,1.85,7.911328599,499.2365383,1.881025958
8/9/2021,2,F1,Larvae,3,Mid,Low,22.9,27.1,1908.180694,1723.85,7.99,8.009,394.4,2.16,7.978,429.1,2.2,7.95,462.5,1.93,7.919,502.8,1.96,7.95,456.3,1.9,7.9186821,496.0074419,1.933230417
8/9/2021,2,F1,Larvae,4,Mid,Low,22.8,27.1,1885.920133,1706.869,7.98,8.001,398.2,2.09,7.968,434.9,2.13,7.94,468.7,1.86,7.908,511.5,1.89,7.94,462.3,1.83,7.907656385,504.4994795,1.868980281
8/9/2021,2,F1,Larvae,5,Mid,Low,22.8,27.1,1890.555611,1711.487,7.94,8,399.9,2.1,7.968,436.8,2.13,7.899,523.2,1.72,7.867,570.6,1.75,7.899,511.7,1.68,7.867203684,558.0686759,1.716035396
8/9/2021,2,F1,Larvae,6,Mid,Mid,22.8,27,1917.134635,1805.839,7.77,7.81,669.9,1.46,7.779,729.4,1.49,7.735,811.1,1.25,7.704,881.7,1.28,7.735,800.8,1.23,7.704229862,870.4081526,1.25974134
8/9/2021,2,F1,Larvae,7,Mid,Mid,22.9,27,1919.242037,1811.52,7.77,7.797,693.2,1.43,7.767,751.6,1.45,7.73,822.4,1.24,7.701,890.4,1.27,7.73,813.1,1.23,7.700762569,880.3409064,1.253934148
8/9/2021,2,F1,Larvae,8,Mid,Mid,22.8,27.1,1901.319059,1791.924,7.78,7.804,673,1.43,7.773,732.7,1.46,7.741,790.1,1.26,7.711,858.9,1.29,7.741,781.6,1.24,7.710810116,849.6624119,1.271445838
8/9/2021,2,F1,Larvae,9,Mid,Mid,22.7,27,1912.342158,1799.783,7.79,7.816,658,1.46,7.783,719.3,1.5,7.753,773.2,1.29,7.72,844,1.32,7.753,764.7,1.27,7.720461724,834.7561376,1.301912438
8/9/2021,2,F1,Larvae,10,Mid,Mid,22.6,27.2,1922.586304,1814.123,7.8,7.801,686.4,1.43,7.766,753,1.46,7.763,754.7,1.32,7.73,827.2,1.35,7.763,749.9,1.31,7.729652112,821.9237962,1.345530845
8/9/2021,2,F1,Larvae,11,Mid,High,22.7,27.1,1950.441443,1912.856,7.48,7.554,1295.1,0.86,7.524,1405.3,0.89,7.447,1678.6,0.69,7.419,1814.2,0.71,7.447,1654.3,0.68,7.419381755,1788.041915,0.699153334
8/9/2021,2,F1,Larvae,12,Mid,High,22.8,27.1,1926.273754,1907.462,7.46,7.481,1526.8,0.73,7.454,1646.6,0.76,7.427,1740.7,0.65,7.401,1873.7,0.67,7.427,1728,0.65,7.400896261,1860.019102,0.667945693
8/9/2021,2,F1,Larvae,13,Mid,High,22.7,27.1,1923.502128,1904.709,7.45,7.482,1519.6,0.73,7.454,1644.6,0.75,7.418,1777.6,0.63,7.39,1919.2,0.66,7.418,1762.1,0.63,7.39039641,1902.4125,0.650921681
8/9/2021,2,F1,Larvae,14,Mid,High,22.7,27.1,1964.916494,1908.851,7.43,7.621,1105.4,1.01,7.59,1202.1,1.03,7.399,1901.7,0.62,7.372,2051.6,0.64,7.399,1844.3,0.6,7.37166604,1989.732322,0.624536697
8/9/2021,2,F1,Larvae,15,Mid,High,22.9,27.1,1929.476118,1904.109,7.47,7.505,1443.6,0.78,7.479,1552.8,0.8,7.434,1716,0.67,7.409,1841.4,0.69,7.434,1699.5,0.66,7.408754037,1823.690295,0.679032229
4/18/2022,3,F2,Larvae,1 after changes,Low,Low,22.6,26.56,1948.25,1796.33,7.9202,7.932,497.5,1.86,7.897,547.2,1.9,7.900704641,540.6,1.75,7.866,594.3,1.79,7.901,537.1,1.74,7.901,537.1,1.74
4/18/2022,3,F2,Larvae,10 after changes,Mid,Mid,22.9,26.28,1945.97,1856.74,7.7021,7.745,809.2,1.28,7.716,876.4,1.31,7.686544968,937.1,1.13,7.658,1013.5,1.16,7.687,928.5,1.12,7.687,928.5,1.12
4/18/2022,3,F2,Larvae,19 after changes,High,High,22.6,26.56,1953.23,1949.18,7.3673,7.434,1745.5,0.66,7.405,1891.6,0.68,7.353696943,2115.8,0.55,7.326,2285.8,0.57,7.354,2093.1,0.55,7.354,2093.1,0.55
4/20/2022,3,F2,Larvae,1,Low,Low,23.4,26.41,1961.3,1788.19,7.9863,7.976,447.4,2.1,7.952,476.9,2.12,7.954730306,473.3,2.01,7.931,504.5,2.04,7.955,471.1,2,7.955,471.1,2
4/20/2022,3,F2,Larvae,2,Low,Low,23.6,26.34,1935.79,1778.55,7.9768,7.937,490.1,1.93,7.916,518.1,1.95,7.944416739,480.5,1.96,7.924,508,1.98,7.944,481.2,1.96,7.944,481.2,1.96
4/20/2022,3,F2,Larvae,3,Low,Low,23.3,26.48,1934.96,1779.74,7.968,7.934,492.7,1.9,7.909,527.1,1.93,7.939636582,485.4,1.92,7.915,519.3,1.95,7.94,486,1.92,7.94,486,1.92
4/20/2022,3,F2,Larvae,4,Mid,Low,23.6,26.37,,1800.9,7.9796,,,,,,,,,,,,,7.945,486,1.99,7.945,486,1.99
4/20/2022,3,F2,Larvae,5,Mid,Low,23.4,26.38,,1770.71,7.9881,,,,,,,,,,,,,7.957,464,1.99,7.957,464,1.99
4/20/2022,3,F2,Larvae,6,Mid,Low,23.6,26.27,,1786.83,7.9848,,,,,,,,,,,,,7.95,477.6,1.99,7.95,477.6,1.99
4/20/2022,3,F2,Larvae,7,High,Low,23,26.46,,1768.68,8.0003,,,,,,,,,,,,,7.974,443.7,2.03,7.974,443.7,2.03
4/20/2022,3,F2,Larvae,8,High,Low,23.5,26.3,,1768.4,8.0056,,,,,,,,,,,,,7.973,446.6,2.06,7.973,446.6,2.06
4/20/2022,3,F2,Larvae,9,High,Low,24,26.15,,1770.78,7.9753,,,,,,,,,,,,,7.935,491.6,1.94,7.935,491.6,1.94
4/20/2022,3,F2,Larvae,10,Low,Mid,23.6,26.36,1935.97,1869.72,7.7138,7.656,1007.4,1.09,7.637,1060.9,1.11,7.681818765,944.6,1.15,7.663,995.2,1.17,7.682,948.3,1.15,7.682,948.3,1.15
4/20/2022,3,F2,Larvae,11,Low,Mid,23.7,26.33,1961.3,1871.67,7.7343,7.733,842.2,1.3,7.715,884.7,1.32,7.700699703,913.4,1.21,7.683,959.1,1.23,7.701,908.7,1.21,7.701,908.7,1.21
4/20/2022,3,F2,Larvae,12,Low,Mid,23.2,26.51,1932.35,1865.12,7.7368,7.663,984.9,1.09,7.639,1052.8,1.11,7.706746947,883.1,1.19,7.682,944.9,1.22,7.707,889.1,1.2,7.707,889.1,1.2
4/20/2022,3,F2,Larvae,13,Mid,Mid,23.2,26.36,,1854.61,7.7284,,,,,,,,,,,,,7.701,898.3,1.17,7.701,898.3,1.17
4/20/2022,3,F2,Larvae,14,Mid,Mid,23.7,26.23,,1869.6,7.7331,,,,,,,,,,,,,7.699,913.1,1.2,7.699,913.1,1.2
4/20/2022,3,F2,Larvae,15,Mid,Mid,23.2,26.25,,1861.1,7.7192,,,,,,,,,,,,,7.692,921.5,1.15,7.692,921.5,1.15
4/20/2022,3,F2,Larvae,16,High,Mid,23.3,26.5,,1880.92,7.7428,,,,,,,,,,,,,7.713,883.8,1.23,7.713,883.8,1.23
4/20/2022,3,F2,Larvae,17,High,Mid,23.6,26.15,,1863.51,7.7292,,,,,,,,,,,,,7.696,914.9,1.18,7.696,914.9,1.18
4/20/2022,3,F2,Larvae,18,High,Mid,23.3,26.4,,1872.92,7.7132,,,,,,,,,,,,,7.685,941.3,1.15,7.685,941.3,1.15
4/20/2022,3,F2,Larvae,19,Low,High,23.6,26.48,1978.2,1960.56,7.4883,7.474,1610.5,0.76,7.457,1689.5,0.77,7.459163551,1670.1,0.73,7.442,1751.4,0.75,7.459,1666.7,0.73,7.459,1666.7,0.73
4/20/2022,3,F2,Larvae,20,Low,High,23.4,26.45,1956.11,1965.39,7.428,7.375,2023.5,0.6,7.356,2131.7,0.61,7.402343026,1893.7,0.63,7.383,1996.4,0.65,7.402,1900.8,0.64,7.402,1900.8,0.64
4/20/2022,3,F2,Larvae,21,Low,High,23.6,26.38,2020.89,1925.15,7.5641,7.748,835.4,1.38,7.728,881.1,1.4,7.534801651,1420.2,0.88,7.517,1491.8,0.89,7.535,1375.9,0.85,7.535,1375.9,0.85
4/20/2022,3,F2,Larvae,22,Mid,High,23.7,26.24,,1960.22,7.3821,,,,,,,,,,,,,7.357,2110.3,0.57,7.357,2110.3,0.57
4/20/2022,3,F2,Larvae,23,Mid,High,23.3,26.49,,1948.08,7.3833,,,,,,,,,,,,,7.362,2062.5,0.57,7.362,2062.5,0.57
4/20/2022,3,F2,Larvae,24,Mid,High,23.4,26.23,,1959.04,7.3836,,,,,,,,,,,,,7.362,2078.4,0.57,7.362,2078.4,0.57
4/20/2022,3,F2,Larvae,25,High,High,23.3,26.46,,1956.57,7.3842,,,,,,,,,,,,,7.362,2072.7,0.57,7.362,2072.7,0.57
4/20/2022,3,F2,Larvae,26,High,High,23.2,26.46,,1968.6,7.3754,,,,,,,,,,,,,7.354,2120,0.56,7.354,2120,0.56
4/20/2022,3,F2,Larvae,27,High,High,23.8,26.14,,1957.79,7.376,,,,,,,,,,,,,7.345,2165.4,0.56,7.345,2165.4,0.56
4/22/2022,3,F2,Larvae,1,Low,Low,23.1,26.43,,1769.38,7.9764,,,,,,,,,,,,,7.95,471.4,1.94,7.95,471.4,1.94
4/22/2022,3,F2,Larvae,2,Low,Low,23,26.47,,1769.8,7.9706,,,,,,,,,,,,,7.95,471.2,1.93,7.95,471.2,1.93
4/22/2022,3,F2,Larvae,3,Low,Low,23,26.43,,1773.93,7.981,,,,,,,,,,,,,7.961,459.8,1.98,7.961,459.8,1.98
4/22/2022,3,F2,Larvae,4,Mid,Low,23.4,26.55,1953.24,1771.36,7.9787,7.997,420.5,2.18,7.973,448.4,2.21,7.951313418,474.8,2,7.928,506,2.02,7.951,470,1.97,7.951,470,1.97
4/22/2022,3,F2,Larvae,5,Mid,Low,23.1,26.42,1947.67,1769.6,7.9826,7.995,422.3,2.13,7.967,455.7,2.17,7.959183897,464.3,1.99,7.931,500.8,2.02,7.959,460.6,1.98,7.959,460.6,1.98
4/22/2022,3,F2,Larvae,6,Mid,Low,23.4,26.62,1953.23,1778.08,7.9745,7.979,440.6,2.11,7.955,469.7,2.14,7.948610533,477.8,1.99,7.925,509.2,2.01,7.949,474.6,1.97,7.949,474.6,1.97
4/22/2022,3,F2,Larvae,7,High,Low,22.9,26.54,1859.42,1694.48,7.9814,7.976,422.5,1.95,7.945,459.5,1.99,7.961853239,438.7,1.9,7.931,477,1.93,7.962,437.4,1.89,7.962,437.4,1.89
4/22/2022,3,F2,Larvae,8,High,Low,23.4,26.54,,1773.22,7.982,,,,,,,,,,,,,7.955,466.1,1.99,7.955,466.1,1.99
4/22/2022,3,F2,Larvae,9,High,Low,23.4,26.64,,1772.45,7.9842,,,,,,,,,,,,,7.955,465.5,2,7.955,465.5,2
4/22/2022,3,F2,Larvae,10,Low,Mid,23.5,26.51,,1860.04,7.7215,,,,,,,,,,,,,7.693,917.6,1.18,7.693,917.6,1.18
4/22/2022,3,F2,Larvae,11,Low,Mid,23.6,26.4,,1858.32,7.7143,,,,,,,,,,,,,7.684,937.2,1.15,7.684,937.2,1.15
4/22/2022,3,F2,Larvae,12,Low,Mid,22.9,26.5,,1866.28,7.7379,,,,,,,,,,,,,7.715,872,1.21,7.715,872,1.21
4/22/2022,3,F2,Larvae,13,Mid,Mid,23.2,26.33,1951.77,1856.78,7.7547,7.758,784.7,1.34,7.733,840.5,1.36,7.725308362,853,1.25,7.7,913,1.27,7.725,848.4,1.24,7.725,848.4,1.24
4/22/2022,3,F2,Larvae,14,Mid,Mid,23.7,26.42,1948.23,1860.17,7.7205,7.728,846.8,1.28,7.71,889.4,1.3,7.684587009,943.8,1.17,7.667,990.8,1.19,7.685,937.4,1.16,7.685,937.4,1.16
4/22/2022,3,F2,Larvae,15,Mid,Mid,23,26.45,1952.74,1867.55,7.7099,7.727,848.1,1.25,7.699,914.7,1.27,7.685762826,940.9,1.14,7.658,1013.8,1.17,7.686,934.8,1.14,7.686,934.8,1.14
4/22/2022,3,F2,Larvae,16,High,Mid,23,26.38,,1869.18,7.714,,,,,,,,,,,,,7.687,932.4,1.14,7.687,932.4,1.14
4/22/2022,3,F2,Larvae,17,High,Mid,23.5,26.44,,1863.86,7.7206,,,,,,,,,,,,,7.689,927.4,1.17,7.689,927.4,1.17
4/22/2022,3,F2,Larvae,18,High,Mid,23.1,26.4,,1869.87,7.7136,,,,,,,,,,,,,7.688,932.1,1.15,7.688,932.1,1.15
4/22/2022,3,F2,Larvae,19,Low,High,23,26.2,,1955.89,7.4236,,,,,,,,,,,,,7.403,1889.6,0.62,7.403,1889.6,0.62
4/22/2022,3,F2,Larvae,20,Low,High,23,26.47,,1951.97,7.4837,,,,,,,,,,,,,7.463,1637.2,0.72,7.463,1637.2,0.72
4/22/2022,3,F2,Larvae,21,Low,High,23.5,26.38,,1955.39,7.4071,,,,,,,,,,,,,7.383,1977.7,0.61,7.383,1977.7,0.61
4/22/2022,3,F2,Larvae,22,Mid,High,23.5,26.45,1958.42,1954.08,7.3908,7.425,1795.4,0.67,7.407,1887.6,0.68,7.369205084,2054.6,0.59,7.352,2157.1,0.61,7.369,2039.1,0.59,7.369,2039.1,0.59
4/22/2022,3,F2,Larvae,23,Mid,High,23,26.45,1963.29,1960.28,7.3848,7.426,1790.9,0.66,7.402,1914.6,0.68,7.364888911,2076.3,0.58,7.342,2215.2,0.59,7.365,2059.2,0.57,7.365,2059.2,0.57
4/22/2022,3,F2,Larvae,24,Mid,High,23.7,26.4,1948.75,1949.93,7.4012,7.402,1891.5,0.64,7.387,1974.4,0.65,7.375494449,2016.4,0.6,7.36,2103.6,0.61,7.375,2009.2,0.6,7.375,2009.2,0.6
4/22/2022,3,F2,Larvae,25,High,High,22.6,26.53,,1954.99,7.3706,,,,,,,,,,,,,7.357,2085.3,0.55,7.357,2085.3,0.55
4/22/2022,3,F2,Larvae,26,High,High,22.7,26.29,,1952.59,7.3854,,,,,,,,,,,,,7.369,2029,0.57,7.369,2029,0.57
4/22/2022,3,F2,Larvae,27,High,High,23.5,26.43,,1951.26,7.3853,,,,,,,,,,,,,7.361,2073.8,0.58,7.361,2073.8,0.58
4/25/2022,3,F2,Larvae,1,Low,Low,22.9,25.78,1921.49,1765.21,7.9787,7.955,466.3,1.91,7.924,507,1.95,7.957379093,463.6,1.92,7.927,504.1,1.95,7.957,463.9,1.92,7.957,463.9,1.92
4/25/2022,3,F2,Larvae,2,Low,Low,23.2,25.74,1904.99,1744.05,7.9698,7.966,449.2,1.96,7.94,482.7,1.99,7.948526293,470.8,1.89,7.922,505.8,1.92,7.949,469,1.88,7.949,469,1.88
4/25/2022,3,F2,Larvae,3,Low,Low,23.3,26.04,1926.75,1761.07,7.9697,7.969,449.1,2.01,7.944,480.7,2.04,7.945320902,478.7,1.92,7.92,512.1,1.95,7.945,476.2,1.91,7.945,476.2,1.91
4/25/2022,3,F2,Larvae,4,Mid,Low,23.5,25.97,,1749.19,7.9674,,,,,,,,,,,,,7.941,478.2,1.89,7.941,478.2,1.89
4/25/2022,3,F2,Larvae,5,Mid,Low,23.4,26,,1762.96,7.989,,,,,,,,,,,,,7.964,456.2,1.99,7.964,456.2,1.99
4/25/2022,3,F2,Larvae,6,Mid,Low,23.4,26.03,,1758.06,7.9729,,,,,,,,,,,,,7.949,470.9,1.93,7.949,470.9,1.93
4/25/2022,3,F2,Larvae,7,High,Low,23.3,26.04,1925.06,1762.97,7.9719,7.96,459.7,1.97,7.935,492,2,7.945150006,478.4,1.92,7.92,511.9,1.94,7.945,476.9,1.91,7.945,476.9,1.91
4/25/2022,3,F2,Larvae,8,High,Low,23.6,26.05,1921.29,1753.43,7.9873,7.971,445.6,2.03,7.95,471.3,2.06,7.961374796,457.4,2,7.941,483.7,2.02,7.961,456.4,1.99,7.961,456.4,1.99
4/25/2022,3,F2,Larvae,9,High,Low,23.4,25.94,1914.65,1750.34,7.9734,7.968,448.9,1.99,7.944,478.4,2.02,7.949160107,471.4,1.92,7.926,502.4,1.95,7.949,469.5,1.92,7.949,469.5,1.92
4/25/2022,3,F2,Larvae,10,Low,Mid,23.4,25.84,,1833.62,7.6975,,,,,,,,,,,,,7.675,948.1,1.09,7.675,948.1,1.09
4/25/2022,3,F2,Larvae,11,Low,Mid,23.4,25.84,,1835.69,7.707,,,,,,,,,,,,,7.681,935.9,1.11,7.681,935.9,1.11
4/25/2022,3,F2,Larvae,12,Low,Mid,23.2,25.72,,1835.78,7.7022,,,,,,,,,,,,,7.679,940.6,1.09,7.679,940.6,1.09
4/25/2022,3,F2,Larvae,13,Mid,Mid,23.4,25.75,1905.78,1835.11,7.7064,7.685,928.2,1.11,7.663,985.2,1.13,7.684741474,928.2,1.11,7.663,985.2,1.13,7.679,940,1.1,7.679,940,1.1
4/25/2022,3,F2,Larvae,14,Mid,Mid,23.4,25.89,1905.5,1835.26,7.7039,7.681,934.6,1.11,7.66,991.9,1.13,7.681344359,934.6,1.11,7.66,991.9,1.13,7.678,943,1.1,7.678,943,1.1
4/25/2022,3,F2,Larvae,15,Mid,Mid,23.2,25.73,1914.63,1839.85,7.7152,7.702,893.5,1.15,7.677,955.9,1.17,7.701607965,893.5,1.15,7.677,955.9,1.17,7.688,921.9,1.12,7.688,921.9,1.12
4/25/2022,3,F2,Larvae,16,High,Mid,23.4,25.73,,1831.97,7.7134,,,,,,,,,,,,,7.686,924.6,1.11,7.686,924.6,1.11
4/25/2022,3,F2,Larvae,17,High,Mid,23.5,25.81,,1816,7.7055,,,,,,,,,,,,,7.673,943.9,1.08,7.673,943.9,1.08
4/25/2022,3,F2,Larvae,18,High,Mid,23.1,25.72,,1836.69,7.7077,,,,,,,,,,,,,7.687,923.2,1.11,7.687,923.2,1.11
4/25/2022,3,F2,Larvae,19,Low,High,23.3,25.7,,1934.96,7.4565,,,,,,,,,,,,,7.432,1758.1,0.66,7.432,1758.1,0.66
4/25/2022,3,F2,Larvae,20,Low,High,23.1,25.74,,1931.5,7.4214,,,,,,,,,,,,,7.403,1872.2,0.61,7.403,1872.2,0.61
4/25/2022,3,F2,Larvae,21,Low,High,23.5,25.75,,1926.77,7.4107,,,,,,,,,,,,,7.39,1926,0.6,7.39,1926,0.6
4/25/2022,3,F2,Larvae,22,Mid,High,23.5,25.75,,1913.33,7.4072,,,,,,,,,,,,,7.386,1931.3,0.59,7.386,1931.3,0.59
4/25/2022,3,F2,Larvae,23,Mid,High,23.4,25.63,,1931.38,7.3907,,,,,,,,,,,,,7.371,2020.4,0.57,7.371,2020.4,0.57
4/25/2022,3,F2,Larvae,24,Mid,High,23.4,25.75,,1919.77,7.3952,,,,,,,,,,,,,7.375,1987.9,0.57,7.375,1987.9,0.57
4/25/2022,3,F2,Larvae,25,High,High,23.5,25.74,1914.55,1923.45,7.3996,7.38,1968,0.58,7.363,2066.5,0.6,7.378203729,1977.7,0.58,7.361,2076.6,0.59,7.378,1977.2,0.58,7.378,1977.2,0.58
4/25/2022,3,F2,Larvae,26,High,High,23.2,25.8,1916.13,1923.06,7.3997,7.391,1916.5,0.59,7.37,2032.8,0.61,7.379570101,1969,0.58,7.359,2087.8,0.59,7.38,1966,0.58,7.38,1966,0.58
4/25/2022,3,F2,Larvae,27,High,High,23.4,25.69,1921.49,1915.15,7.3935,7.441,1704.9,0.67,7.422,1799,0.68,7.373816056,2006,0.57,7.355,2112.9,0.59,7.374,1987.9,,7.374,1987.9,0.57
8/16/2022,4,F2,Larvae,9,Mid,Mid,23.4,28.9,,1900.99,7.737,7.737,830.1,1.39,7.714,882.1,1.41,7.736578627,830.1,1.39,7.714,882.1,1.41,7.737,830.1,1.39,7.714,882.1,1.41
8/16/2022,4,F2,Larvae,10,Mid,Mid,23.5,28.85,,1956.23,7.7518,7.748,832.8,1.47,7.726,881.9,1.49,7.747566854,832.8,1.47,7.726,881.9,1.49,7.748,832.8,1.47,7.726,881.9,1.49
8/16/2022,4,F2,Larvae,22,Mid,Mid,23.5,28.81,,1957.85,7.7553,7.75,828.5,1.48,7.729,877.3,1.5,7.75021513,828.5,1.48,7.729,877.3,1.5,7.75,828.5,1.48,7.729,877.3,1.5
8/16/2022,4,F2,Larvae,1 (was 5),Low,Low,23.3,28.9,,1811.66,7.9923,7.992,426.3,2.31,7.967,456.3,2.34,7.992002708,426.2972245,2.31,7.966787113,456.3,2.340024082,7.992,426.3,2.31,7.967,456.3,2.34
8/16/2022,4,F2,Larvae,2 (was 21),Low,Low,23.7,28.86,,1859.8,7.9938,7.985,446.1,2.37,7.966,469.9,2.39,7.984873427,446.1494602,2.37,7.96559782,469.9,2.39417622,7.985,446.1,2.37,7.966,469.9,2.39
8/16/2022,4,F2,Larvae,3 (was 4),Low,Low,23.4,28.77,,1859.48,7.9727,7.969,464.2,2.26,7.945,494.8,2.29,7.968546637,464.2053585,2.26,7.944894752,494.8,2.285707413,7.969,464.2,2.26,7.945,494.8,2.29
8/18/2022,4,F2,Larvae,1 (was 5),Low,Low,23.9,28.78,2097.68,1839.02,8.0874,8.099,332.2,3,8.083,347.4,3.03,8.077448841,352.9821478,2.89,8.06090988,369.1,2.909611779,8.077,350.9,2.87,8.061,366.8,2.89
8/18/2022,4,F2,Larvae,2 (was 21),Low,Low,23.8,28.86,2037.02,1792.22,8.078,8.082,337.5,2.82,8.064,354.3,2.84,8.069570995,349.6415195,2.75,8.051559789,367,2.777864541,8.07,348.4,2.74,8.052,365.7,2.77
8/18/2022,4,F2,Larvae,3 (was 4),Low,Low,23.7,28.93,2077.73,1827.56,8.0801,8.087,340.1,2.89,8.067,358.5,2.92,8.073471155,352.8087131,2.82,8.053940937,371.9,2.85114731,8.073,351.5,2.81,8.054,370.5,2.84
8/18/2022,4,F2,Larvae,10 (was 22),Mid,Mid,23.8,28.94,2074.84,1963.93,7.7852,7.752,828.8,1.51,7.735,867.7,1.53,7.777223904,776.081528,1.59,7.760204138,812.7,1.611513658,7.777,779.6,1.6,7.76,816.4,1.62
8/18/2022,4,F2,Larvae,11 (was 9),Mid,Mid,23.8,28.94,2031.19,1925.53,7.7487,7.74,834.8,1.45,7.723,873.8,1.46,7.74081129,833.6350872,1.45,7.723980414,872.6,1.464404343,7.741,833.7,1.45,7.724,872.7,1.46
8/18/2022,4,F2,Larvae,12 (was 10),Mid,Mid,23.8,28.92,2097.03,1980.29,7.7653,7.766,806.7,1.58,7.749,844.7,1.59,7.758641993,823.0214896,1.55,7.741712646,861.7,1.568260921,7.759,821.9,1.55,7.742,860.5,1.57
8/20/2022,4,F2,Larvae,1,Low,Low,24.3,28.92,1998.31,1765.14,8.0747,8.056,354.9,2.68,8.046,365.1,2.7,8.056462116,354.9438008,2.68,8.045976294,365.1,2.697810818,8.055,356,2.68,8.045,366.1,2.69
8/20/2022,4,F2,Larvae,2,Low,Low,24,29.21,1994.95,1773.24,8.056,8.033,376.9,2.55,8.018,392.3,2.57,8.040855965,368.7788972,2.59,8.025910766,383.9,2.60745363,8.041,369.5,2.59,8.026,384.7,2.61
8/20/2022,4,F2,Larvae,3,Low,Low,24,29.04,1995.44,1765.96,8.0729,8.052,358.5,2.63,8.037,373.2,2.65,8.058472675,352.049284,2.67,8.043491312,366.5,2.686595592,8.058,352.7,2.67,8.043,367.2,2.69
8/20/2022,4,F2,Larvae,10,Mid,Mid,24.3,28.91,2001.44,1889.84,7.7689,7.754,794.4,1.49,7.744,815.9,1.5,7.750369256,802.4537645,1.48,7.740515455,824.2,1.49133305,7.75,801.9,1.48,7.741,823.6,1.49
8/20/2022,4,F2,Larvae,11,Mid,Mid,23.9,29.08,1997.2,1891.1,7.7695,7.742,816.7,1.43,7.726,851.6,1.45,7.75660911,786.0823947,1.48,7.741102459,819.8,1.494585318,7.757,788.2,1.48,7.741,822,1.5
8/20/2022,4,F2,Larvae,12,Mid,Mid,23.7,29.04,2000.93,1894.13,7.7646,7.747,807.6,1.44,7.728,848.7,1.46,7.75412826,792.5580127,1.46,7.735823354,832.9,1.480282515,7.754,793.6,1.46,7.736,834,1.48
8/22/2022,4,F2,Larvae,1,Low,Low,24.1,28.86,1963.46,1775.53,8.0242,7.965,447.6,2.2,7.952,464,2.22,8.010772847,395.5953727,2.4,7.997385493,410.1,2.418773899,8.011,400,2.43,7.997,414.7,2.45
8/22/2022,4,F2,Larvae,2,Low,Low,24,28.85,1961.59,1773.83,8.0245,7.967,445.4,2.2,7.952,463.5,2.22,8.014352039,391.4239113,2.41,7.999470445,407.4,2.425426223,8.014,396,2.44,7.999,412.2,2.45
8/22/2022,4,F2,Larvae,3,Low,Low,24,28.95,1967.77,1785.23,8.0066,7.952,464.6,2.15,7.937,483.4,2.17,7.996924926,411.3459693,2.34,7.982081237,428.1,2.359120574,7.997,415.8,2.37,7.982,432.8,2.38
8/22/2022,4,F2,Larvae,10,Mid,Mid,24.1,28.81,1964.95,1877.56,7.7539,7.687,926.1,1.26,7.674,957.8,1.28,7.742767989,803.3834833,1.42,7.730138235,831.4,1.430138461,7.743,811.1,1.43,7.73,839.3,1.44
8/22/2022,4,F2,Larvae,11,Mid,Mid,24.1,28.81,1967.27,1872.11,7.7671,7.711,871.1,1.33,7.699,901.2,1.34,7.755076392,779.4089435,1.46,7.742399161,806.7,1.468220203,7.755,785.3,1.47,7.742,812.8,1.48
8/22/2022,4,F2,Larvae,12,Mid,Mid,24.1,28.82,1971.34,1883.98,7.7539,7.686,930.8,1.27,7.674,962.7,1.28,7.741500879,808.5915501,1.42,7.72887533,836.8,1.431452004,7.741,816.2,1.43,7.729,844.7,1.44
8/24/2022,4,F2,Larvae,1,Low,Low,24,29.21,1990.82,1782.55,8.0171,8.004,406.9,2.41,7.989,423.6,2.43,8.004723078,406.3592694,2.41,7.989856802,423,2.433160898,8.005,406.4,2.41,7.99,423,2.43
8/24/2022,4,F2,Larvae,2,Low,Low,23.7,29.17,1983.73,1776.1,8.0237,8.009,400.5,2.4,7.99,421.9,2.42,8.014441887,394.494603,2.42,7.995092569,415.6,2.446471203,8.014,395,2.43,7.995,416.2,2.45
8/24/2022,4,F2,Larvae,3,Low,Low,23.6,29.24,1980.64,1774.44,8.0174,8.007,402,2.38,7.986,425.1,2.4,8.009491916,398.9166273,2.39,7.988671167,421.9,2.416044164,8.009,399.2,2.39,7.989,422.2,2.42
8/24/2022,4,F2,Larvae,10,Mid,Mid,23.8,29.15,1994.75,1837.47,7.8778,7.885,561.3,1.91,7.868,588.4,1.93,7.86761049,588.13783,1.84,7.850210118,616.4,1.861025884,7.868,586,1.84,7.85,614.2,1.85
8/24/2022,4,F2,Larvae,11,Mid,Mid,23.7,29.06,1992.28,1877.65,7.7755,7.771,756,1.51,7.752,794.7,1.52,7.766838993,763.6179707,1.49,7.748465613,802.6,1.512817609,7.767,763.1,1.49,7.748,802.1,1.51
8/24/2022,4,F2,Larvae,12,Mid,Mid,23.6,29.18,1983.89,1829.06,7.9006,7.883,561.4,1.88,7.863,593.1,1.9,7.892846798,546.9308629,1.91,7.872444738,577.9,1.93441177,7.893,548.1,1.92,7.872,579.1,1.94
8/26/2022,4,F2,Larvae,1,Low,Low,23.4,28.99,1963.32,1773.83,8.0175,7.977,432.5,2.2,7.954,461,2.23,8.014813735,390.7650956,2.37,7.991008342,416.7,2.394944286,8.015,394.4,2.39,7.991,420.5,2.42
8/26/2022,4,F2,Larvae,2,Low,Low,23.5,28.96,1964.02,1775.88,8.0068,7.973,437.9,2.19,7.951,464.9,2.22,8.004415926,402.272228,2.33,7.982132237,427.2,2.355069882,8.004,405.3,2.35,7.982,430.4,2.37
8/26/2022,4,F2,Larvae,3,Low,Low,23.8,29.31,1976.82,1794.59,7.9951,7.948,470.3,2.14,7.93,493.2,2.16,7.988261119,421.4442948,2.31,7.970471184,442.1,2.332692646,7.988,425.6,2.33,7.97,446.5,2.36
8/26/2022,4,F2,Larvae,10,Mid,Mid,23.6,29.06,1965.4,1869.78,7.7833,7.717,855.5,1.33,7.697,902,1.34,7.779171934,729.4331619,1.51,7.759322785,769.7,1.525250271,7.779,737.5,1.52,7.759,778.2,1.54
8/26/2022,4,F2,Larvae,11,Mid,Mid,23.9,29.28,1965.28,1883.1,7.7539,7.667,970,1.21,7.652,1010.5,1.23,7.745011261,795.0699454,1.43,7.729556042,829.1,1.441177502,7.745,805.7,1.45,7.73,840.2,1.46
8/26/2022,4,F2,Larvae,12,Mid,Mid,23.8,29.1,1963.77,1877.76,7.7514,7.683,931.5,1.24,7.666,974.3,1.26,7.745618691,794.3604834,1.42,7.728764426,831.5,1.43296018,7.746,802.9,1.43,7.729,840.4,1.45
8/29/2022,4,F2,Larvae,1,Low,Low,23.5,29.36,1978.89,1778.97,7.9883,7.993,416.8,2.31,7.97,442.6,2.34,7.984882039,425.578096,2.28,7.962659747,451.8,2.302854624,7.985,424.8,2.27,7.963,451,2.3
8/29/2022,4,F2,Larvae,2,Low,Low,23.8,29.06,1981.13,1778.77,7.9913,7.998,413,2.35,7.98,433.3,2.37,7.982682808,430.0555403,2.28,7.96490916,451.2,2.304071009,7.983,428.5,2.27,7.965,449.5,2.3
8/29/2022,4,F2,Larvae,3,Low,Low,23.8,29.07,1981.27,1777.66,7.998,8,410,2.36,7.982,430.2,2.38,7.990266076,421.2832436,2.32,7.972470943,442,2.337826485,7.99,420.2,2.31,7.972,440.9,2.33
8/29/2022,4,F2,Larvae,10,Mid,Mid,24.1,29.1,1985.11,1862.4,7.7585,7.789,719.3,1.58,7.776,744.6,1.6,7.746358216,802.1957239,1.45,7.733705876,830.2,1.46360056,7.746,796,1.44,7.734,823.8,1.45
8/29/2022,4,F2,Larvae,11,Mid,Mid,23.9,29.12,1984.25,1877.42,7.7401,7.745,804.9,1.44,7.729,839.3,1.45,7.730127394,835.2569873,1.39,7.714746739,870.9,1.407715686,7.73,833.1,1.39,7.715,868.7,1.4
8/29/2022,4,F2,Larvae,12,Mid,Mid,23.8,29.02,1977.6,1867.96,7.7527,7.757,778.7,1.46,7.74,815.2,1.47,7.744662013,802.6362092,1.42,7.727813815,840.2,1.438334877,7.745,801,1.42,7.728,838.4,1.44
9/1/2022,4,F2,Larvae,1,Low,Low,23.6,28.94,1977.46,1769.44,7.9704,8.016,393,2.4,7.995,415.7,2.43,7.962846452,453.4603874,2.17,7.942182761,479.5,2.197860704,7.963,447.7,2.15,7.942,473.3,2.17
9/1/2022,4,F2,Larvae,2,Low,Low,23.6,28.48,1974.73,1778.89,7.9684,7.995,417.4,2.29,7.974,441.4,2.31,7.960110773,458.5313348,2.14,7.939461717,484.8,2.16626558,7.96,454.8,2.12,7.939,480.8,2.15
9/1/2022,4,F2,Larvae,3,Low,Low,23.7,29.09,1969.75,1783.63,7.9618,7.963,451.1,2.18,7.943,475.1,2.2,7.952780336,463.2561415,2.14,7.933624542,487.8,2.158834768,7.953,462.2,2.13,7.934,486.7,2.15
9/1/2022,4,F2,Larvae,10,Mid,Mid,23.7,29.07,1975.45,1869.3,7.7875,7.747,796.6,1.42,7.729,837,1.44,7.780092332,731.591432,1.52,7.761651516,769.1,1.540781649,7.78,736,1.53,7.762,773.7,1.55
9/1/2022,4,F2,Larvae,11,Mid,Mid,23.6,29,1977.15,1854.38,7.797,7.798,698.9,1.57,7.778,737.7,1.59,7.790001691,714.1182093,1.55,7.770093246,753.7,1.566754519,7.79,713,1.54,7.77,752.5,1.56
9/1/2022,4,F2,Larvae,12,Mid,Mid,23.5,29.24,1975.46,1865.6,7.795,7.759,771.3,1.45,7.738,816.8,1.47,7.790286463,711.1976239,1.55,7.768950022,753.5,1.568592295,7.79,715.3,1.56,7.769,757.9,1.58
3/14/2023,5,F2,Larvae,1,Low,Low,24,26.77,1974.94,,8.0159,,,,,,,8.002,418.2,2.28,7.987197276,435.2938247,2.30244252,,,,,,
3/14/2023,5,F2,Larvae,2,Low,Low,23.9,27.21,1976.38,,7.9519,,,,,,,7.944,486.8,2.05,7.927472935,508.554153,2.070967454,,,,,,
3/14/2023,5,F2,Larvae,3,Low,Low,23.9,27.03,1976.23,,8.0843,,,,,,,8.071,345.1,2.61,8.05485419,360.8591258,2.627514736,,,,,,
3/14/2023,5,F2,Larvae,4,Mid,Low,23.6,27.5,1996.91,,7.9592,,,,,,,7.951,480.8,2.09,7.930315814,508.3591374,2.115946749,,,,,,
3/14/2023,5,F2,Larvae,5,Mid,Low,23.9,27.15,1968.2,,8.0661,,,,,,,8.055,359,2.52,8.038527846,375.2652292,2.54383707,,,,,,
3/14/2023,5,F2,Larvae,6,Mid,Low,23.9,26.83,1970.46,,8.0608,,,,,,,8.049,366.8,2.48,8.032649749,383.445202,2.505086988,,,,,,
3/14/2023,5,F2,Larvae,7,Low,Mid,23.9,27.24,1976.66,,7.8536,,,,,,,7.839,640.5,1.67,7.823350062,668.5649623,1.687060334,,,,,,
3/14/2023,5,F2,Larvae,8,Low,Mid,23.9,27.25,1986.26,,7.7999,,,,,,,7.784,741.6,1.5,7.768657532,773.6620507,1.518047446,,,,,,
3/14/2023,5,F2,Larvae,9,Low,Mid,24,27.2,1972.96,,7.894,,,,,,,7.88,575.7,1.81,7.86506499,598.7356584,1.828617968,,,,,,
3/14/2023,5,F2,Larvae,10,Mid,Mid,23.9,27.3,1981.5,,7.7753,,,,,,,7.76,785.8,1.43,7.744983922,819.5488496,1.44417996,,,,,,
3/14/2023,5,F2,Larvae,11,Mid,Mid,24,27.19,1970.34,,7.7493,,,,,,,7.738,828.8,1.36,7.723837385,860.9249706,1.371720251,,,,,,
3/14/2023,5,F2,Larvae,12,Mid,Mid,24,27.21,1972.78,,7.8882,,,,,,,7.875,583,1.8,7.860170431,606.3387558,1.811116507,,,,,,
3/14/2023,5,F2,Larvae,13,Low,High,24,27.23,1973.43,,7.498,,,,,,,7.486,1552,0.8,7.473727211,1606.439754,0.809978657,,,,,,
3/14/2023,5,F2,Larvae,14,Low,High,24,27.22,1984.23,,7.4918,,,,,,,7.48,1583.4,0.79,7.467860995,1638.793241,0.804023308,,,,,,
3/14/2023,5,F2,Larvae,15,Low,High,24,27.23,1970.3,,7.4856,,,,,,,7.473,1601.2,0.78,7.460383779,1656.981136,0.78566939,,,,,,
3/14/2023,5,F2,Larvae,16,Mid,High,23.9,27.22,1971.97,,7.5204,,,,,,,7.508,1468.2,0.83,7.494570027,1525.553576,0.846427964,,,,,,
3/14/2023,5,F2,Larvae,17,Mid,High,24.1,27.19,1973.93,,7.5629,,,,,,,7.549,1332.6,0.92,7.537137269,1375.805771,0.927805924,,,,,,
3/14/2023,5,F2,Larvae,18,Mid,High,24,27.2,1972.28,,7.5298,,,,,,,7.521,1425.7,0.86,7.508018241,1476.561644,0.871055732,,,,,,
3/14/2023,5,F2,Larvae,1,Low,Low,23.9,27,1905.54,,7.9719,,,,,,,7.959,451.3,2.03,7.942691838,471.4698087,2.046144363,,,,,,
3/14/2023,5,F2,Larvae,2,Low,Low,24.1,27.22,1980.85,,7.9645,,,,,,,7.949,480.8,2.09,7.935891852,498.3631973,2.110338637,,,,,,
3/14/2023,5,F2,Larvae,3,Low,Low,23.9,27.33,1982.45,,7.9769,,,,,,,7.964,462.4,2.14,7.947341956,483.0942118,2.163662214,,,,,,
3/14/2023,5,F2,Larvae,4,Mid,Low,24,27.49,1943.2,,7.974,,,,,,,7.96,456.7,2.1,7.945057095,475.2132751,2.116287142,,,,,,
3/14/2023,5,F2,Larvae,5,Mid,Low,24,27.32,1990.67,,7.9648,,,,,,,7.952,478.7,2.11,7.937511485,498.1486406,2.131689748,,,,,,
3/14/2023,5,F2,Larvae,6,Mid,Low,23.9,27.41,1981.84,,7.9686,,,,,,,7.956,471.4,2.12,7.939673033,492.4814558,2.134325316,,,,,,
3/14/2023,5,F2,Larvae,7,Low,Mid,24.1,27.39,1940.88,,7.5154,,,,,,,7.501,1469.6,0.82,7.489866814,1516.300518,0.827525123,,,,,,
3/14/2023,5,F2,Larvae,8,Low,Mid,24,27.47,2006.74,,7.4881,,,,,,,7.474,1621.9,0.8,7.461833731,1678.471355,0.807033924,,,,,,
3/14/2023,5,F2,Larvae,9,Low,Mid,24,27.28,1993.55,,7.4552,,,,,,,7.444,1735.8,0.74,7.432117769,1795.466879,0.748562208,,,,,,
3/14/2023,5,F2,Larvae,10,Mid,Mid,24,27.4,2040.55,,7.5076,,,,,,,7.495,1568,0.85,7.48268514,1623.27072,0.857343257,,,,,,
3/14/2023,5,F2,Larvae,11,Mid,Mid,24.2,27.24,1998.18,,7.4715,,,,,,,7.458,1686.7,0.77,7.447713236,1733.260701,0.775491855,,,,,,
3/14/2023,5,F2,Larvae,12,Mid,Mid,24.1,27.27,1983.12,,7.4519,,,,,,,7.44,1747,0.73,7.428740115,1800.857865,0.738997034,,,,,,
3/14/2023,5,F2,Larvae,13,Low,High,24.1,27.31,1938.07,,7.4526,,,,,,,7.441,1700.4,0.72,7.430146899,1752.900407,0.724872159,,,,,,
3/14/2023,5,F2,Larvae,14,Low,High,24.2,27.21,1999.39,,7.4448,,,,,,,7.432,1797.8,0.72,7.421988175,1846.782375,0.733300986,,,,,,
3/14/2023,5,F2,Larvae,15,Low,High,24.1,27.26,1985.19,,7.4297,,,,,,,7.417,1846.7,0.7,7.406485924,1902.995636,0.704629267,,,,,,
3/14/2023,5,F2,Larvae,16,Mid,High,23.9,27.3,1928.45,,7.4896,,,,,,,7.478,1545.9,0.76,7.464189141,1605.401921,0.77631984,,,,,,
3/14/2023,5,F2,Larvae,17,Mid,High,24.1,27.16,1983.81,,7.4803,,,,,,,7.466,1639.7,0.77,7.455170562,1690.86645,0.781049113,,,,,,
3/14/2023,5,F2,Larvae,18,Mid,High,24,27.27,1984.41,,7.4463,,,,,,,7.434,1772.2,0.72,7.421767933,1832.82953,0.728351415,,,,,,
4/5/2023,6,F3,Larvae,1,Low,Low,24,26.79,1982.56,,8.0595,,,,,,,8.046,372.3,2.49,8.031202073,387.6255138,2.51,,,,,,
4/5/2023,6,F3,Larvae,2,Low,Low,24.1,26.79,1974.27,,8.0352,,,,,,,8.019,399.1,2.37,8.00566604,413.7886497,2.38,,,,,,
4/5/2023,6,F3,Larvae,3,Low,Low,24.1,26.79,1966.85,,8.0452,,,,,,,8.029,386.7,2.4,8.015773244,400.9943925,2.42,,,,,,
4/5/2023,6,F3,Larvae,4,Mid,Low,24.1,26.77,1955.38,,8.0169,,,,,,,8.003,413.3,2.27,7.989238978,428.4658618,2.29,,,,,,
4/5/2023,6,F3,Larvae,5,Mid,Low,24.1,26.8,1950.95,,7.9916,,,,,,,7.976,442.4,2.16,7.963019324,458.5938056,2.17,,,,,,
4/5/2023,6,F3,Larvae,6,Mid,Low,24,26.9,1958.3,,8.0259,,,,,,,8.013,402,2.32,7.997900298,418.4743306,2.33,,,,,,
4/5/2023,6,F3,Larvae,7,Low,Mid,24,26.83,1954.83,,7.7576,,,,,,,7.745,810.4,1.36,7.73097404,841.8029358,1.37,,,,,,
4/5/2023,6,F3,Larvae,8,Low,Mid,24,26.87,1977.34,,7.7655,,,,,,,7.753,803.3,1.4,7.738801658,834.5375915,1.41,,,,,,
4/5/2023,6,F3,Larvae,9,Low,Mid,24,26.85,1961.94,,7.7542,,,,,,,7.742,819.7,1.35,7.727880308,851.4201938,1.37,,,,,,
4/5/2023,6,F3,Larvae,10,Mid,Mid,23.9,26.82,1999.12,,7.8398,,,,,,,7.83,666.8,1.64,7.814102972,695.9807849,1.66,,,,,,
4/5/2023,6,F3,Larvae,11,Mid,Mid,24,26.87,1963.34,,7.7924,,,,,,,7.778,746.9,1.46,7.764355548,776.1581269,1.48,,,,,,
4/5/2023,6,F3,Larvae,12,Mid,Mid,24.1,26.81,1960.53,,7.7473,,,,,,,7.732,839.4,1.33,7.719929399,868.5175699,1.34,,,,,,
4/5/2023,6,F3,Larvae,13,Low,High,24,26.81,1954.1,,7.6347,,,,,,,7.622,1105,1.05,7.608222211,1146.105924,1.06,,,,,,
4/5/2023,6,F3,Larvae,14,Low,High,24.1,26.8,1966.47,,7.6442,,,,,,,7.63,1088.5,1.08,7.618280912,1125.0434,1.09,,,,,,
4/5/2023,6,F3,Larvae,15,Low,High,24.1,26.82,1953.32,,7.651,,,,,,,7.637,1063.9,1.09,7.624602855,1099.70407,1.1,,,,,,
4/5/2023,6,F3,Larvae,16,Mid,High,24.1,26.8,1955.1,,7.6629,,,,,,,7.649,1033.1,1.11,7.636777255,1067.962286,1.13,,,,,,
4/5/2023,6,F3,Larvae,17,Mid,High,24.1,26.87,1966.98,,7.6435,,,,,,,7.628,1093.6,1.08,7.616247222,1130.282376,1.09,,,,,,
4/5/2023,6,F3,Larvae,18,Mid,High,24.1,26.86,1965.22,,7.6796,,,,,,,7.667,992.9,1.16,7.654380535,1026.668273,1.18,,,,,,
4/5/2023,6,F3,Larvae,19,High,Low,24.1,26.82,1974.3,,7.9722,,,,,,,7.955,474.6,2.09,7.941349582,491.8709866,2.11,,,,,,
4/5/2023,6,F3,Larvae,20,High,Low,24,26.89,1959.7,,7.9839,,,,,,,7.969,452.3,2.13,7.954614646,470.6954431,2.15,,,,,,
4/5/2023,6,F3,Larvae,21,High,Low,24.1,26.94,1957.83,,8.0242,,,,,,,8.008,407,2.3,7.994572239,421.9470187,2.32,,,,,,
4/5/2023,6,F3,Larvae,22,High,Mid,24,26.83,1984.32,,7.7727,,,,,,,7.758,796.2,1.42,7.743837875,827.2122094,1.43,,,,,,
4/5/2023,6,F3,Larvae,23,High,Mid,24,26.9,1977.92,,7.7731,,,,,,,7.758,793.1,1.41,7.743810731,823.93617,1.43,,,,,,
4/5/2023,6,F3,Larvae,24,High,Mid,24,26.8,1972.35,,7.7469,,,,,,,7.732,845.3,1.33,7.718141577,877.920728,1.35,,,,,,
4/5/2023,6,F3,Larvae,25,High,High,24.1,26.82,1978.95,,7.6641,,,,,,,7.649,1045.8,1.13,7.636749029,1081.064936,1.14,,,,,,
4/5/2023,6,F3,Larvae,26,High,High,24.1,26.83,1967.47,,7.6826,,,,,,,7.668,990.7,1.17,7.655859345,1024.365892,1.18,,,,,,
4/5/2023,6,F3,Larvae,27,High,High,24,26.85,1970.34,,7.6816,,,,,,,7.669,990.4,1.17,7.655004086,1027.882629,1.18,,,,,,
4/7/2023,6,F3,Larvae,1,Low,Low,23.9,26.93,1976.06,,8.0621,,,,,,,8.048,368.5,2.49,8.031549404,385.2250052,2.51,,,,,,
4/7/2023,6,F3,Larvae,2,Low,Low,24,26.94,1969.78,,8.0552,,,,,,,8.041,374.7,2.46,8.02572738,390.0735961,2.48,,,,,,
4/7/2023,6,F3,Larvae,3,Low,Low,24,26.87,1966.41,,8.0469,,,,,,,8.031,384.8,2.4,8.01567376,400.5900081,2.42,,,,,,
4/7/2023,6,F3,Larvae,4,Mid,Low,24,26.86,1966.21,,8.0531,,,,,,,8.036,378.7,2.43,8.021546367,394.2310649,2.45,,,,,,
4/7/2023,6,F3,Larvae,5,Mid,Low,24,26.84,1959.68,,8.0506,,,,,,,8.035,378.5,2.42,8.020554012,394.0444732,2.44,,,,,,
4/7/2023,6,F3,Larvae,6,Mid,Low,24,26.84,1978.31,,8.0566,,,,,,,8.045,372.6,2.48,8.029810312,387.9832126,2.5,,,,,,
4/7/2023,6,F3,Larvae,7,Low,Mid,23.9,27,1988.79,,7.7729,,,,,,,7.76,792,1.42,7.744586913,826.046383,1.44,,,,,,
4/7/2023,6,F3,Larvae,8,Low,Mid,23.9,26.92,1973.87,,7.7319,,,,,,,7.72,871.4,1.3,7.704524411,908.3245669,1.31,,,,,,
4/7/2023,6,F3,Larvae,9,Low,Mid,24,26.84,1968.77,,7.7369,,,,,,,7.723,863.7,1.31,7.708789944,896.9431621,1.32,,,,,,
4/7/2023,6,F3,Larvae,10,Mid,Mid,24,26.87,1977.08,,7.7365,,,,,,,7.723,865.9,1.31,7.709360621,899.220425,1.33,,,,,,
4/7/2023,6,F3,Larvae,11,Mid,Mid,23.9,26.88,1966.88,,7.7234,,,,,,,7.711,887.4,1.27,7.696108918,924.8966873,1.28,,,,,,
4/7/2023,6,F3,Larvae,12,Mid,Mid,23.8,26.92,1967.22,,7.7461,,,,,,,7.736,833.7,1.33,7.719010513,872.5725092,1.35,,,,,,
4/7/2023,6,F3,Larvae,13,Low,High,23.9,26.82,1971.54,,7.6405,,,,,,,7.628,1096.8,1.07,7.613287198,1141.888368,1.08,,,,,,
4/7/2023,6,F3,Larvae,14,Low,High,24,26.81,1970.3,,7.6337,,,,,,,7.619,1120.8,1.05,7.605904584,1162.438087,1.06,,,,,,
4/7/2023,6,F3,Larvae,15,Low,High,24,26.8,1970.73,,7.6405,,,,,,,7.626,1102.5,1.07,7.612622614,1143.526789,1.08,,,,,,
4/7/2023,6,F3,Larvae,16,Mid,High,23.9,26.85,1976.82,,7.6344,,,,,,,7.621,1118.8,1.06,7.606326236,1164.666245,1.07,,,,,,
4/7/2023,6,F3,Larvae,17,Mid,High,24,26.85,1973.73,,7.6392,,,,,,,7.625,1105.3,1.07,7.611999984,1146.510703,1.08,,,,,,
4/7/2023,6,F3,Larvae,18,Mid,High,24,26.89,1972.99,,7.6192,,,,,,,7.604,1163.5,1.02,7.591180613,1206.495249,1.03,,,,,,
4/7/2023,6,F3,Larvae,19,High,Low,23.9,26.86,1973.66,,8.0362,,,,,,,8.022,395.1,2.37,8.005915686,412.9999974,2.39,,,,,,
4/7/2023,6,F3,Larvae,20,High,Low,23.9,26.9,1964.81,,8.059,,,,,,,8.046,368.4,2.47,8.029662756,385.0884429,2.49,,,,,,
4/7/2023,6,F3,Larvae,21,High,Low,24,26.9,1969.4,,8.0653,,,,,,,8.05,365.8,2.5,8.034587684,380.8463642,2.52,,,,,,
4/7/2023,6,F3,Larvae,22,High,Mid,23.9,26.92,1971.75,,7.7293,,,,,,,7.715,880.1,1.29,7.700152315,917.4230257,1.3,,,,,,
4/7/2023,6,F3,Larvae,23,High,Mid,24,26.98,1932.51,,7.7709,,,,,,,7.757,775.7,1.38,7.742895568,805.8325979,1.39,,,,,,
4/7/2023,6,F3,Larvae,24,High,Mid,23.9,26.99,1979.47,,7.7545,,,,,,,7.741,827.8,1.36,7.725516376,863.0937191,1.38,,,,,,
4/7/2023,6,F3,Larvae,25,High,High,24,26.85,1957.84,,7.6145,,,,,,,7.601,1164.1,1.01,7.587993493,1207.066926,1.02,,,,,,
4/7/2023,6,F3,Larvae,26,High,High,23.9,26.89,1969.28,,7.6226,,,,,,,7.61,1143.6,1.03,7.595859491,1190.281747,1.04,,,,,,
4/7/2023,6,F3,Larvae,27,High,High,24,26.92,1973.55,,7.6094,,,,,,,7.597,1185.3,1.01,7.583737448,1228.983048,1.02,,,,,,
4/10/2023,6,F3,Larvae,1,Low,Low,24.1,26.95,1978.39,,8.0377,,,,,,,8.021,397.6,2.39,8.007108554,412.2024898,2.4,,,,,,
4/10/2023,6,F3,Larvae,2,Low,Low,23.8,26.91,1977.39,,8.0188,,,,,,,8.006,413.4,2.29,7.988298875,433.77856,2.32,,,,,,
4/10/2023,6,F3,Larvae,3,Low,Low,23.8,26.43,1997.3,,8.054,,,,,,,8.042,381,2.46,8.024376556,399.8794772,2.48,,,,,,
4/10/2023,6,F3,Larvae,4,Mid,Low,23.8,26.69,1896.41,,8.0559,,,,,,,8.043,359.1,2.35,8.025106279,376.901862,2.37,,,,,,
4/10/2023,6,F3,Larvae,5,Mid,Low,23.6,27.28,2003.21,,8.0211,,,,,,,8.01,413.1,2.34,7.988791728,436.9986106,2.37,,,,,,
4/10/2023,6,F3,Larvae,6,Mid,Low,23.9,26.97,2008.58,,8.0522,,,,,,,8.037,385.8,2.48,8.020785393,403.2906923,2.51,,,,,,
4/10/2023,6,F3,Larvae,7,Low,Mid,24,26.86,1997.95,,7.7752,,,,,,,7.761,794.8,1.44,7.747153653,825.732547,1.45,,,,,,
4/10/2023,6,F3,Larvae,8,Low,Mid,23.8,26.84,1969.1,,7.7245,,,,,,,7.714,882.9,1.27,7.697200915,923.7878982,1.29,,,,,,
4/10/2023,6,F3,Larvae,9,Low,Mid,23.8,27.08,1987.95,,7.7624,,,,,,,7.751,810.2,1.39,7.733755562,848.0905118,1.41,,,,,,
4/10/2023,6,F3,Larvae,10,Mid,Mid,23.9,26.85,1988.37,,7.7958,,,,,,,7.783,748.5,1.49,7.767158948,780.8081923,1.5,,,,,,
4/10/2023,6,F3,Larvae,11,Mid,Mid,23.9,26.99,1989.43,,7.7472,,,,,,,7.735,843.9,1.35,7.719954014,879.865894,1.37,,,,,,
4/10/2023,6,F3,Larvae,12,Mid,Mid,24,26.87,1974.63,,7.754,,,,,,,7.742,825,1.36,7.727818393,856.9917243,1.38,,,,,,
4/10/2023,6,F3,Larvae,13,Low,High,24,26.68,1860.1,,7.5883,,,,,,,7.576,1178.4,0.9,7.562913234,1221.394567,0.91,,,,,,
4/10/2023,6,F3,Larvae,14,Low,High,23.9,26.69,1963.36,,7.695,,,,,,,7.682,954.6,1.19,7.667324308,994.5917079,1.2,,,,,,
4/10/2023,6,F3,Larvae,15,Low,High,23.9,26.3,1967.27,,7.6393,,,,,,,7.629,1097.8,1.06,7.614146478,1142.826085,1.07,,,,,,
4/10/2023,6,F3,Larvae,16,Mid,High,24.1,26.84,1983.39,,7.6391,,,,,,,7.625,1111.6,1.08,7.613234502,1148.783627,1.09,,,,,,
4/10/2023,6,F3,Larvae,17,Mid,High,23.9,26.71,1966.55,,7.6289,,,,,,,7.618,1122.2,1.04,7.603560027,1168.118558,1.05,,,,,,
4/10/2023,6,F3,Larvae,18,Mid,High,23.9,26.69,1966.32,,7.6318,,,,,,,7.621,1114.3,1.05,7.606429438,1159.90237,1.06,,,,,,
4/10/2023,6,F3,Larvae,19,High,Low,24,26.74,1960.49,,8.0369,,,,,,,8.023,392.6,2.36,8.007809672,408.6793253,2.37,,,,,,
4/10/2023,6,F3,Larvae,20,High,Low,24,26.7,1949.71,,8.0516,,,,,,,8.036,376.3,2.4,8.021404807,391.7816712,2.42,,,,,,
4/10/2023,6,F3,Larvae,21,High,Low,24.1,26.78,1971.04,,8.0356,,,,,,,8.018,399.6,2.36,8.004575029,414.3685234,2.38,,,,,,
4/10/2023,6,F3,Larvae,22,High,Mid,24,26.84,1975.06,,7.7282,,,,,,,7.716,881,1.29,7.702246134,914.8910522,1.31,,,,,,
4/10/2023,6,F3,Larvae,23,High,Mid,24.1,26.84,2069,,7.889,,,,,,,7.874,615.9,1.88,7.860952036,638.0773604,1.89,,,,,,
4/10/2023,6,F3,Larvae,24,High,Mid,23.8,26.8,1907.12,,7.767,,,,,,,7.758,764.3,1.35,7.741144347,800.1086969,1.36,,,,,,
4/10/2023,6,F3,Larvae,25,High,High,24,26.73,1955.97,,7.639,,,,,,,7.627,1093.4,1.06,7.613145951,1134.131668,1.07,,,,,,
4/10/2023,6,F3,Larvae,26,High,High,23.9,26.68,1959.37,,7.6339,,,,,,,7.621,1110.1,1.04,7.606513576,1155.612275,1.06,,,,,,
4/10/2023,6,F3,Larvae,27,High,High,23.9,26.31,1912.01,,7.6771,,,,,,,7.665,974.4,1.11,7.650058034,1014.931707,1.12,,,,,,
4/12/2023,6,F3,Larvae,1,Low,Low,24,26.61,1976.52,,8.0609,,,,,,,8.047,371.5,2.48,8.031701142,386.8019133,2.5,,,,,,
4/12/2023,6,F3,Larvae,2,Low,Low,24,26.76,1971.78,,8.0484,,,,,,,8.034,382.7,2.42,8.019255937,398.3922754,2.44,,,,,,
4/12/2023,6,F3,Larvae,3,Low,Low,23.9,26.67,1967.5,,8.0435,,,,,,,8.032,384.4,2.4,8.015721726,401.8218097,2.42,,,,,,
4/12/2023,6,F3,Larvae,4,Mid,Low,24.1,26.82,1971.4,,8.0532,,,,,,,8.037,379.5,2.45,8.023437175,393.4800615,2.46,,,,,,
4/12/2023,6,F3,Larvae,5,Mid,Low,24,26.67,1965.46,,8.0485,,,,,,,8.033,383.3,2.4,8.017865005,399.0525682,2.42,,,,,,
4/12/2023,6,F3,Larvae,6,Mid,Low,23.9,26.86,1971.28,,8.0602,,,,,,,8.049,366.8,2.49,8.032650379,383.4570659,2.51,,,,,,
4/12/2023,6,F3,Larvae,7,Low,Mid,24.2,26.74,1972.65,,7.7701,,,,,,,7.751,805.9,1.4,7.740148299,830.8106524,1.41,,,,,,
4/12/2023,6,F3,Larvae,8,Low,Mid,23.9,26.66,1993.88,,7.7612,,,,,,,7.748,821.2,1.38,7.732870577,856.3593278,1.4,,,,,,
4/12/2023,6,F3,Larvae,9,Low,Mid,24,26.66,1961.48,,7.742,,,,,,,7.728,850.7,1.31,7.713993459,883.5140437,1.32,,,,,,
4/12/2023,6,F3,Larvae,10,Mid,Mid,24.1,26.64,1964.15,,7.7441,,,,,,,7.718,874.2,1.29,7.705400135,904.3898878,1.3,,,,,,
4/12/2023,6,F3,Larvae,11,Mid,Mid,24,26.67,1999.13,,7.7782,,,,,,,7.767,785.4,1.45,7.752809075,816.0449427,1.46,,,,,,
4/12/2023,6,F3,Larvae,12,Mid,Mid,24,26.68,1964.26,,7.7517,,,,,,,7.74,825.9,1.35,7.726107527,857.8301216,1.36,,,,,,
4/12/2023,6,F3,Larvae,13,Low,High,24.1,26.6,1971.05,,7.6904,,,,,,,7.675,977,1.18,7.66305158,1010.252905,1.19,,,,,,
4/12/2023,6,F3,Larvae,14,Low,High,24.1,26.6,1964.83,,7.6492,,,,,,,7.634,1079.6,1.08,7.622039616,1115.812164,1.09,,,,,,
4/12/2023,6,F3,Larvae,15,Low,High,24.1,26.56,1956.9,,7.6523,,,,,,,7.637,1068.1,1.08,7.624839795,1103.946468,1.09,,,,,,
4/12/2023,6,F3,Larvae,16,Mid,High,24.2,26.57,1953.38,,7.6608,,,,,,,7.644,1046.9,1.1,7.633509654,1078.231531,1.11,,,,,,
4/12/2023,6,F3,Larvae,17,Mid,High,24.1,26.58,1961.06,,7.6581,,,,,,,7.644,1051,1.1,7.632047482,1086.390268,1.11,,,,,,
4/12/2023,6,F3,Larvae,18,Mid,High,24.1,26.59,1962.3,,7.6516,,,,,,,7.637,1070.1,1.09,7.625082169,1106.040316,1.1,,,,,,
4/12/2023,6,F3,Larvae,19,High,Low,24.2,26.79,1970.99,,8.0298,,,,,,,8.015,403.3,2.35,8.00267407,416.4485066,2.37,,,,,,
4/12/2023,6,F3,Larvae,20,High,Low,24.1,26.69,1969.94,,8.033,,,,,,,8.018,400.3,2.35,8.004222504,415.012084,2.37,,,,,,
4/12/2023,6,F3,Larvae,21,High,Low,24,26.72,1989,,8.0629,,,,,,,8.05,370.3,2.51,8.034735922,385.5438739,2.53,,,,,,
4/12/2023,6,F3,Larvae,22,High,Mid,24.1,26.77,1957.97,,7.7497,,,,,,,7.734,834.4,1.33,7.721892958,863.4107781,1.35,,,,,,
4/12/2023,6,F3,Larvae,23,High,Mid,23.9,26.75,1996.74,,7.7739,,,,,,,7.764,789.6,1.43,7.748398441,823.5692496,1.45,,,,,,
4/12/2023,6,F3,Larvae,24,High,Mid,23.9,26.68,1971.05,,7.7483,,,,,,,7.735,838.7,1.33,7.719953311,874.4072283,1.35,,,,,,
4/12/2023,6,F3,Larvae,25,High,High,24.3,26.67,1963.32,,7.6233,,,,,,,7.606,1156.5,1.03,7.596837172,1186.281683,1.04,,,,,,
4/12/2023,6,F3,Larvae,26,High,High,24.2,26.5,1963.88,,7.6246,,,,,,,7.609,1149.7,1.03,7.598534374,1183.609721,1.04,,,,,,
4/12/2023,6,F3,Larvae,27,High,High,24.1,26.61,1974.53,,7.7031,,,,,,,7.689,946.1,1.22,7.676438708,978.4837934,1.23,,,,,,
4/14/2023,6,F3,Larvae,1,Low,Low,24,26.41,1953.05,,8.0375,,,,,,,8.024,391.3,2.34,8.009157298,407.3510475,2.36,,,,,,
4/14/2023,6,F3,Larvae,2,Low,Low,24.1,26.45,2008.37,,8.1094,,,,,,,8.095,331.7,2.76,8.08104874,344.0261287,2.78,,,,,,
4/14/2023,6,F3,Larvae,3,Low,Low,24.2,26.38,1954.42,,8.0202,,,,,,,8.003,414.6,2.26,7.991190094,428.1532591,2.28,,,,,,
4/14/2023,6,F3,Larvae,4,Mid,Low,24,26.59,1892.26,,8.0244,,,,,,,8.009,393,2.21,7.994646798,409.0976379,2.23,,,,,,
4/14/2023,6,F3,Larvae,5,Mid,Low,24.2,26.55,1956.91,,7.7554,,,,,,,7.738,828,1.34,7.727136681,853.5025231,1.35,,,,,,
4/14/2023,6,F3,Larvae,6,Mid,Low,24.1,26.35,2000.72,,8.0982,,,,,,,8.083,341.4,2.68,8.069743219,354.0592003,2.7,,,,,,
4/14/2023,6,F3,Larvae,7,Low,Mid,24.1,26.47,2005.34,,7.734,,,,,,,7.719,892.6,1.31,7.706215279,923.4509441,1.33,,,,,,
4/14/2023,6,F3,Larvae,8,Low,Mid,24,26.45,1946.88,,7.7765,,,,,,,7.763,774,1.39,7.748896034,804.1648316,1.41,,,,,,
4/14/2023,6,F3,Larvae,9,Low,Mid,24.3,26.36,1979.67,,7.6511,,,,,,,7.634,1092.6,1.09,7.624206548,1121.005631,1.1,,,,,,
4/14/2023,6,F3,Larvae,10,Mid,Mid,24.1,26.46,2025.38,,7.8476,,,,,,,7.835,669,1.69,7.822576756,692.8380031,1.7,,,,,,
4/14/2023,6,F3,Larvae,11,Mid,Mid,24.2,26.41,1954.62,,7.7035,,,,,,,7.689,937,1.21,7.678491949,965.4480141,1.22,,,,,,
4/14/2023,6,F3,Larvae,12,Mid,Mid,24.1,26.38,1956.36,,7.731,,,,,,,7.719,870.5,1.28,7.706573011,900.5273453,1.29,,,,,,
4/14/2023,6,F3,Larvae,13,Low,High,24.1,26.4,1956.04,,7.6523,,,,,,,7.636,1071.8,1.08,7.623917937,1107.769671,1.09,,,,,,
4/14/2023,6,F3,Larvae,14,Low,High,24.1,26.38,1952.18,,7.6603,,,,,,,7.643,1051,1.09,7.631018789,1086.359807,1.1,,,,,,
4/14/2023,6,F3,Larvae,15,Low,High,24.3,26.39,1968.52,,7.65,,,,,,,7.631,1091.9,1.08,7.622047606,1120.269625,1.09,,,,,,
4/14/2023,6,F3,Larvae,16,Mid,High,24.2,26.37,1954.21,,7.6459,,,,,,,7.628,1094,1.06,7.616932343,1126.487178,1.07,,,,,,
4/14/2023,6,F3,Larvae,17,Mid,High,24.3,26.43,1956.33,,7.6417,,,,,,,7.622,1110,1.05,7.612779202,1138.762557,1.06,,,,,,
4/14/2023,6,F3,Larvae,18,Mid,High,24.1,26.35,1961.37,,7.7317,,,,,,,7.715,881.6,1.27,7.702708264,912.0290944,1.28,,,,,,
4/14/2023,6,F3,Larvae,19,High,Low,24.1,26.39,1948.69,,8.0253,,,,,,,8.012,403.4,2.29,7.998647946,418.2740605,2.3,,,,,,
4/14/2023,6,F3,Larvae,20,High,Low,24.1,26.41,1956.22,,8.0245,,,,,,,8.01,406.6,2.29,7.997105252,421.5926672,2.31,,,,,,
4/14/2023,6,F3,Larvae,21,High,Low,24.2,26.54,1975.22,,8.09,,,,,,,8.073,345.6,2.62,8.060982437,356.9916361,2.63,,,,,,
4/14/2023,6,F3,Larvae,22,High,Mid,24.1,26.4,1864.59,,7.7317,,,,,,,7.715,836.3,1.21,7.702994285,865.1159192,1.22,,,,,,
4/14/2023,6,F3,Larvae,23,High,Mid,24.1,26.27,1952.35,,7.7646,,,,,,,7.752,799.5,1.37,7.739623943,827.3595445,1.38,,,,,,
4/14/2023,6,F3,Larvae,24,High,Mid,24.3,26.38,1942.78,,7.7283,,,,,,,7.709,886,1.26,7.699757506,909.6965775,1.27,,,,,,
4/14/2023,6,F3,Larvae,25,High,High,24.2,26.36,1955.71,,7.6426,,,,,,,7.631,1084.9,1.07,7.620606727,1117.207248,1.08,,,,,,
4/14/2023,6,F3,Larvae,26,High,High,24.2,26.06,1956.18,,7.6571,,,,,,,7.643,1057.8,1.09,7.632041724,1089.397397,1.1,,,,,,
4/14/2023,6,F3,Larvae,27,High,High,24.2,26.28,2007.33,,7.7843,,,,,,,7.769,788.7,1.46,7.757472435,813.1993074,1.47,,,,,,
4/17/2023,6,F3,Larvae,1,Low,Low,24,26.94,1972.9,,8.0302,,,,,,,8.015,402.7,2.34,7.999943546,419.1547919,2.36,,,,,,
4/17/2023,6,F3,Larvae,2,Low,Low,24.1,26.96,1979.89,,8.0384,,,,,,,8.022,396.7,2.39,8.008103022,411.3580646,2.41,,,,,,
4/17/2023,6,F3,Larvae,3,Low,Low,24.1,26.92,1977.25,,8.0502,,,,,,,8.035,382.2,2.45,8.021494235,396.2687444,2.47,,,,,,
4/17/2023,6,F3,Larvae,4,Mid,Low,24,26.99,1985.58,,8.0187,,,,,,,8.004,416.7,2.32,7.989533324,433.7409734,2.33,,,,,,
4/17/2023,6,F3,Larvae,5,Mid,Low,24.1,27.09,1985.57,,8.0515,,,,,,,8.034,384.4,2.46,8.020096061,398.6331808,2.48,,,,,,
4/17/2023,6,F3,Larvae,6,Mid,Low,24.1,26.91,1892.5,,8.0508,,,,,,,8.033,367.5,2.33,8.019284797,381.0157764,2.35,,,,,,
4/17/2023,6,F3,Larvae,7,Low,Mid,24.1,27.15,1988.24,,7.7935,,,,,,,7.777,757.1,1.49,7.764438779,783.7018002,1.5,,,,,,
4/17/2023,6,F3,Larvae,8,Low,Mid,24.1,26.98,1984.07,,7.8041,,,,,,,7.787,737.2,1.51,7.774676501,763.1404639,1.53,,,,,,
4/17/2023,6,F3,Larvae,9,Low,Mid,24.1,26.92,1973.19,,7.8006,,,,,,,7.785,738.7,1.5,7.771918614,764.7478561,1.51,,,,,,
4/17/2023,6,F3,Larvae,10,Mid,Mid,24,26.97,1980.55,,7.781,,,,,,,7.764,781.2,1.43,7.749947985,811.631687,1.45,,,,,,
4/17/2023,6,F3,Larvae,11,Mid,Mid,24.1,26.93,1973.34,,7.7569,,,,,,,7.74,827.2,1.37,7.727759037,856.0125189,1.38,,,,,,
4/17/2023,6,F3,Larvae,12,Mid,Mid,24.1,26.9,1982.74,,7.7884,,,,,,,7.77,771,1.46,7.757282674,798.0533256,1.47,,,,,,
4/17/2023,6,F3,Larvae,13,Low,High,24.1,26.91,1985.33,,7.6544,,,,,,,7.64235414,1065.523358,1.119352709,7.630238394,1101.417865,1.13063739,,,,,,
4/17/2023,6,F3,Larvae,14,Low,High,24.1,26.96,1991.59,,7.7059,,,,,,,7.690853431,946.0700584,1.244508307,7.678498114,978.4888165,1.256365911,,,,,,
4/17/2023,6,F3,Larvae,15,Low,High,24.1,26.93,1975.48,,7.6401,,,,,,,7.62450469,1108.191323,1.072972983,7.612481553,1145.273832,1.084014051,,,,,,
4/17/2023,6,F3,Larvae,16,Mid,High,24.1,26.89,1981.6,,7.7247,,,,,,,7.709278112,899.1366015,1.284719763,7.696841612,930.1275942,1.296737074,,,,,,
4/17/2023,6,F3,Larvae,17,Mid,High,24.1,27.02,1983.21,,7.6959,,,,,,,7.680632544,965.9794673,1.214521055,7.668323461,998.9693146,1.226209726,,,,,,
4/17/2023,6,F3,Larvae,18,Mid,High,23.9,26.95,1981.24,,7.6626,,,,,,,7.649427443,1043.587983,1.125820886,7.634581302,1086.820807,1.139595732,,,,,,
4/17/2023,6,F3,Larvae,19,High,Low,24.1,26.92,1969.02,,8.0344,,,,,,,8.014536021,402.2385216,2.346312813,8.001146302,417.0454453,2.363221713,,,,,,
4/17/2023,6,F3,Larvae,20,High,Low,23.9,26.95,1968.35,,8.0332,,,,,,,8.016768615,399.5281785,2.339752883,8.000399664,417.5832812,2.360329829,,,,,,
4/17/2023,6,F3,Larvae,21,High,Low,24.1,26.98,1961.46,,8.0706,,,,,,,8.049882327,363.505032,2.499833583,8.036422139,376.9487754,2.517434104,,,,,,
4/17/2023,6,F3,Larvae,22,High,Mid,24.1,26.92,1984.85,,7.7683,,,,,,,7.7516698,808.5697357,1.405682676,7.739052088,836.7958661,1.418248017,,,,,,
4/17/2023,6,F3,Larvae,23,High,Mid,24.1,26.92,1880.06,,7.7414,,,,,,,7.722555399,823.7888701,1.252439996,7.710065605,852.2887708,1.263998212,,,,,,
4/17/2023,6,F3,Larvae,24,High,Mid,24.1,26.88,1971.19,,7.7613,,,,,,,7.741203312,824.9080943,1.364909974,7.72863041,853.6156024,1.377257413,,,,,,
4/17/2023,6,F3,Larvae,25,High,High,24.1,26.94,1966.02,,7.6578,,,,,,,7.641818447,1056.09653,1.107744405,7.629704563,1091.667345,1.11891177,,,,,,
4/17/2023,6,F3,Larvae,26,High,High,24.1,26.98,1969.76,,7.6639,,,,,,,7.647334489,1043.246215,1.123807208,7.635190784,1078.457805,1.13505321,,,,,,
4/17/2023,6,F3,Larvae,27,High,High,24.1,26.91,1976.05,,7.6751,,,,,,,7.65982298,1015.131594,1.155750274,7.647619141,1049.545367,1.167169513,,,,,,
4/19/2023,6,F3,Larvae,1,Low,Low,23.8,26.76,1975.2,1786.6,8.0229,,,,,,,8.010069463,409.3130612,2.302191901,7.992232029,429.5194039,2.324468508,,,,,,
4/19/2023,6,F3,Larvae,2,Low,Low,23.8,26.84,1970.87,1775.02,8.0387,,,,,,,8.025839714,390.8802125,2.370024218,8.00795858,410.2176276,2.392687586,,,,,,
4/19/2023,6,F3,Larvae,3,Low,Low,23.9,26.94,1972.74,1770.86,8.0452,,,,,,,8.031879681,384.3716231,2.41246814,8.015471934,401.779333,2.433480431,,,,,,
4/19/2023,6,F3,Larvae,4,Mid,Low,23.8,26.84,1982.31,1782.43,8.0276,,,,,,,8.014610346,405.3998058,2.334177607,7.996758276,425.4260042,2.356650076,,,,,,
4/19/2023,6,F3,Larvae,5,Mid,Low,23.8,26.82,1971.33,1770.08,8.036,,,,,,,8.025386443,391.5582571,2.367710598,8.007506548,410.9284618,2.390367933,,,,,,
4/19/2023,6,F3,Larvae,6,Mid,Low,23.8,26.46,1971.98,1772.7,8.0488,,,,,,,8.037268511,381.0234448,2.406259354,8.019357322,399.9105457,2.429292512,,,,,,
4/19/2023,6,F3,Larvae,7,Low,Mid,23.8,27.06,1982.44,1861.64,7.8345,,,,,,,7.822713341,671.5922573,1.608866743,7.805543951,703.613635,1.626750922,,,,,,
4/19/2023,6,F3,Larvae,8,Low,Mid,23.7,26.94,1972.05,1860.31,7.8187,,,,,,,7.810539126,690.0655822,1.551578961,7.792007278,725.6710636,1.570546349,,,,,,
4/19/2023,6,F3,Larvae,9,Low,Mid,23.8,26.97,1988.83,1876.48,7.821,,,,,,,7.809971439,697.0042087,1.570215672,7.792862082,730.1368641,1.587911313,,,,,,
4/19/2023,6,F3,Larvae,10,Mid,Mid,23.7,26.69,1979.47,1882.83,7.7799,,,,,,,7.769427838,771.7696116,1.424840159,7.751123652,811.1655043,1.443070532,,,,,,
4/19/2023,6,F3,Larvae,11,Mid,Mid,23.8,26.69,1975.62,1893.6,7.7258,,,,,,,7.715232874,884.0625101,1.276278076,7.698635724,924.9808035,1.292215507,,,,,,
4/19/2023,6,F3,Larvae,12,Mid,Mid,23.5,26.91,1970.9,1872.16,7.7895,,,,,,,7.783249601,739.6124324,1.454658945,7.762040617,783.5067943,1.47576919,,,,,,
4/19/2023,6,F3,Larvae,13,Low,High,23.9,26.91,1970.61,1907.59,7.6673,,,,,,,7.654647339,1024.843009,1.131095471,7.639771148,1067.37666,1.144865415,,,,,,
4/19/2023,6,F3,Larvae,14,Low,High,23.8,26.96,1986.04,1919.43,7.6655,,,,,,,7.65217537,1038.561434,1.130914018,7.635964691,1085.627852,1.145973064,,,,,,
4/19/2023,6,F3,Larvae,15,Low,High,23.8,26.92,1969.34,1898.94,7.7062,,,,,,,7.693356565,928.9973622,1.221338978,7.67688223,971.7020871,1.236875759,,,,,,
4/19/2023,6,F3,Larvae,16,Mid,High,23.4,27.02,1976.29,1908.11,7.6956,,,,,,,7.689124536,940.2469371,1.198555853,7.667208428,998.2179779,1.219011853,,,,,,
4/19/2023,6,F3,Larvae,17,Mid,High,23.9,26.89,1971.31,1925.16,7.6187,,,,,,,7.606439838,1156.264582,1.021444414,7.591874819,1203.377076,1.034612081,,,,,,
4/19/2023,6,F3,Larvae,18,Mid,High,23.7,26.91,1969.69,1920.11,7.6415,,,,,,,7.632609029,1081.57414,1.070719325,7.615201324,1134.374583,1.086559648,,,,,,
4/19/2023,6,F3,Larvae,19,High,Low,23.8,26.21,1967.48,1770.92,8.0398,,,,,,,8.027536726,391.6131015,2.346029473,8.009654104,411.0027277,2.368754541,,,,,,
4/19/2023,6,F3,Larvae,20,High,Low,23.7,26.91,1972.45,1771.57,8.0392,,,,,,,8.027981078,388.5904139,2.376049745,8.008603993,409.4650477,2.400597008,,,,,,
4/19/2023,6,F3,Larvae,21,High,Low,23.7,26.93,1991.77,1782.85,8.0467,,,,,,,8.034417781,385.6127315,2.430287147,8.015017587,406.3495321,2.455259536,,,,,,
4/19/2023,6,F3,Larvae,22,High,Mid,23.7,26.93,1986.04,1862.11,7.8541,,,,,,,7.841102699,642.3699292,1.662115753,7.822420188,675.7564823,1.681872485,,,,,,
4/19/2023,6,F3,Larvae,23,High,Mid,23.8,26.85,1975.88,1885.16,7.7479,,,,,,,7.735431344,838.7272762,1.335513249,7.718710855,877.7947388,1.351772645,,,,,,
4/19/2023,6,F3,Larvae,24,High,Mid,23.8,26.59,1989.91,1883.81,7.7421,,,,,,,7.728266197,862.6022171,1.318186521,7.711595856,902.6879506,1.334454295,,,,,,
4/19/2023,6,F3,Larvae,25,High,High,23.8,26.75,1975.37,1924.66,7.6266,,,,,,,7.615768785,1133.285469,1.036783987,7.599824613,1183.919661,1.05126765,,,,,,
4/19/2023,6,F3,Larvae,26,High,High,23.8,26.92,1974.35,1925.87,7.6468,,,,,,,7.635060048,1077.82801,1.083373402,7.618969146,1126.360314,1.098105623,,,,,,
4/19/2023,6,F3,Larvae,27,High,High,23.7,26.86,1969.7,1921.15,7.6165,,,,,,,7.60651043,1154.625554,1.012019492,7.589308743,1210.412805,1.027482327,,,,,,
